
NTIPIN.elf:     file format elf32-avr

Sections:
Idx Name          Size      VMA       LMA       File off  Algn
  0 .text         00002398  00000000  00000000  00000094  2**1
                  CONTENTS, ALLOC, LOAD, READONLY, CODE
  1 .data         0000000e  00800060  00002398  0000242c  2**0
                  CONTENTS, ALLOC, LOAD, DATA
  2 .bss          00000001  0080006e  0080006e  0000243a  2**0
                  ALLOC
  3 .stab         00001a70  00000000  00000000  0000243c  2**2
                  CONTENTS, READONLY, DEBUGGING
  4 .stabstr      00000b2d  00000000  00000000  00003eac  2**0
                  CONTENTS, READONLY, DEBUGGING
  5 .debug_aranges 00000140  00000000  00000000  000049d9  2**0
                  CONTENTS, READONLY, DEBUGGING
  6 .debug_pubnames 00000170  00000000  00000000  00004b19  2**0
                  CONTENTS, READONLY, DEBUGGING
  7 .debug_info   00001c49  00000000  00000000  00004c89  2**0
                  CONTENTS, READONLY, DEBUGGING
  8 .debug_abbrev 00000eeb  00000000  00000000  000068d2  2**0
                  CONTENTS, READONLY, DEBUGGING
  9 .debug_line   00000dad  00000000  00000000  000077bd  2**0
                  CONTENTS, READONLY, DEBUGGING
 10 .debug_frame  00000160  00000000  00000000  0000856c  2**2
                  CONTENTS, READONLY, DEBUGGING
 11 .debug_str    0000028d  00000000  00000000  000086cc  2**0
                  CONTENTS, READONLY, DEBUGGING
 12 .debug_loc    000007ce  00000000  00000000  00008959  2**0
                  CONTENTS, READONLY, DEBUGGING
 13 .debug_ranges 00000050  00000000  00000000  00009127  2**0
                  CONTENTS, READONLY, DEBUGGING

Disassembly of section .text:

00000000 <__vectors>:
       0:	0c 94 2a 00 	jmp	0x54	; 0x54 <__ctors_end>
       4:	0c 94 47 00 	jmp	0x8e	; 0x8e <__bad_interrupt>
       8:	0c 94 47 00 	jmp	0x8e	; 0x8e <__bad_interrupt>
       c:	0c 94 47 00 	jmp	0x8e	; 0x8e <__bad_interrupt>
      10:	0c 94 47 00 	jmp	0x8e	; 0x8e <__bad_interrupt>
      14:	0c 94 47 00 	jmp	0x8e	; 0x8e <__bad_interrupt>
      18:	0c 94 47 00 	jmp	0x8e	; 0x8e <__bad_interrupt>
      1c:	0c 94 47 00 	jmp	0x8e	; 0x8e <__bad_interrupt>
      20:	0c 94 47 00 	jmp	0x8e	; 0x8e <__bad_interrupt>
      24:	0c 94 47 00 	jmp	0x8e	; 0x8e <__bad_interrupt>
      28:	0c 94 47 00 	jmp	0x8e	; 0x8e <__bad_interrupt>
      2c:	0c 94 47 00 	jmp	0x8e	; 0x8e <__bad_interrupt>
      30:	0c 94 47 00 	jmp	0x8e	; 0x8e <__bad_interrupt>
      34:	0c 94 47 00 	jmp	0x8e	; 0x8e <__bad_interrupt>
      38:	0c 94 47 00 	jmp	0x8e	; 0x8e <__bad_interrupt>
      3c:	0c 94 47 00 	jmp	0x8e	; 0x8e <__bad_interrupt>
      40:	0c 94 47 00 	jmp	0x8e	; 0x8e <__bad_interrupt>
      44:	0c 94 47 00 	jmp	0x8e	; 0x8e <__bad_interrupt>
      48:	0c 94 47 00 	jmp	0x8e	; 0x8e <__bad_interrupt>
      4c:	0c 94 47 00 	jmp	0x8e	; 0x8e <__bad_interrupt>
      50:	0c 94 47 00 	jmp	0x8e	; 0x8e <__bad_interrupt>

00000054 <__ctors_end>:
      54:	11 24       	eor	r1, r1
      56:	1f be       	out	0x3f, r1	; 63
      58:	cf e5       	ldi	r28, 0x5F	; 95
      5a:	d8 e0       	ldi	r29, 0x08	; 8
      5c:	de bf       	out	0x3e, r29	; 62
      5e:	cd bf       	out	0x3d, r28	; 61

00000060 <__do_copy_data>:
      60:	10 e0       	ldi	r17, 0x00	; 0
      62:	a0 e6       	ldi	r26, 0x60	; 96
      64:	b0 e0       	ldi	r27, 0x00	; 0
      66:	e8 e9       	ldi	r30, 0x98	; 152
      68:	f3 e2       	ldi	r31, 0x23	; 35
      6a:	02 c0       	rjmp	.+4      	; 0x70 <.do_copy_data_start>

0000006c <.do_copy_data_loop>:
      6c:	05 90       	lpm	r0, Z+
      6e:	0d 92       	st	X+, r0

00000070 <.do_copy_data_start>:
      70:	ae 36       	cpi	r26, 0x6E	; 110
      72:	b1 07       	cpc	r27, r17
      74:	d9 f7       	brne	.-10     	; 0x6c <.do_copy_data_loop>

00000076 <__do_clear_bss>:
      76:	10 e0       	ldi	r17, 0x00	; 0
      78:	ae e6       	ldi	r26, 0x6E	; 110
      7a:	b0 e0       	ldi	r27, 0x00	; 0
      7c:	01 c0       	rjmp	.+2      	; 0x80 <.do_clear_bss_start>

0000007e <.do_clear_bss_loop>:
      7e:	1d 92       	st	X+, r1

00000080 <.do_clear_bss_start>:
      80:	af 36       	cpi	r26, 0x6F	; 111
      82:	b1 07       	cpc	r27, r17
      84:	e1 f7       	brne	.-8      	; 0x7e <.do_clear_bss_loop>
      86:	0e 94 f0 10 	call	0x21e0	; 0x21e0 <main>
      8a:	0c 94 ca 11 	jmp	0x2394	; 0x2394 <_exit>

0000008e <__bad_interrupt>:
      8e:	0c 94 00 00 	jmp	0	; 0x0 <__vectors>

00000092 <__fixunssfsi>:
      92:	ef 92       	push	r14
      94:	ff 92       	push	r15
      96:	0f 93       	push	r16
      98:	1f 93       	push	r17
      9a:	7b 01       	movw	r14, r22
      9c:	8c 01       	movw	r16, r24
      9e:	20 e0       	ldi	r18, 0x00	; 0
      a0:	30 e0       	ldi	r19, 0x00	; 0
      a2:	40 e0       	ldi	r20, 0x00	; 0
      a4:	5f e4       	ldi	r21, 0x4F	; 79
      a6:	0e 94 49 03 	call	0x692	; 0x692 <__gesf2>
      aa:	88 23       	and	r24, r24
      ac:	8c f0       	brlt	.+34     	; 0xd0 <__fixunssfsi+0x3e>
      ae:	c8 01       	movw	r24, r16
      b0:	b7 01       	movw	r22, r14
      b2:	20 e0       	ldi	r18, 0x00	; 0
      b4:	30 e0       	ldi	r19, 0x00	; 0
      b6:	40 e0       	ldi	r20, 0x00	; 0
      b8:	5f e4       	ldi	r21, 0x4F	; 79
      ba:	0e 94 c1 01 	call	0x382	; 0x382 <__subsf3>
      be:	0e 94 a9 03 	call	0x752	; 0x752 <__fixsfsi>
      c2:	9b 01       	movw	r18, r22
      c4:	ac 01       	movw	r20, r24
      c6:	20 50       	subi	r18, 0x00	; 0
      c8:	30 40       	sbci	r19, 0x00	; 0
      ca:	40 40       	sbci	r20, 0x00	; 0
      cc:	50 48       	sbci	r21, 0x80	; 128
      ce:	06 c0       	rjmp	.+12     	; 0xdc <__fixunssfsi+0x4a>
      d0:	c8 01       	movw	r24, r16
      d2:	b7 01       	movw	r22, r14
      d4:	0e 94 a9 03 	call	0x752	; 0x752 <__fixsfsi>
      d8:	9b 01       	movw	r18, r22
      da:	ac 01       	movw	r20, r24
      dc:	b9 01       	movw	r22, r18
      de:	ca 01       	movw	r24, r20
      e0:	1f 91       	pop	r17
      e2:	0f 91       	pop	r16
      e4:	ff 90       	pop	r15
      e6:	ef 90       	pop	r14
      e8:	08 95       	ret

000000ea <_fpadd_parts>:
      ea:	a0 e0       	ldi	r26, 0x00	; 0
      ec:	b0 e0       	ldi	r27, 0x00	; 0
      ee:	eb e7       	ldi	r30, 0x7B	; 123
      f0:	f0 e0       	ldi	r31, 0x00	; 0
      f2:	0c 94 93 11 	jmp	0x2326	; 0x2326 <__prologue_saves__>
      f6:	dc 01       	movw	r26, r24
      f8:	2b 01       	movw	r4, r22
      fa:	fa 01       	movw	r30, r20
      fc:	9c 91       	ld	r25, X
      fe:	92 30       	cpi	r25, 0x02	; 2
     100:	08 f4       	brcc	.+2      	; 0x104 <_fpadd_parts+0x1a>
     102:	39 c1       	rjmp	.+626    	; 0x376 <_fpadd_parts+0x28c>
     104:	eb 01       	movw	r28, r22
     106:	88 81       	ld	r24, Y
     108:	82 30       	cpi	r24, 0x02	; 2
     10a:	08 f4       	brcc	.+2      	; 0x10e <_fpadd_parts+0x24>
     10c:	33 c1       	rjmp	.+614    	; 0x374 <_fpadd_parts+0x28a>
     10e:	94 30       	cpi	r25, 0x04	; 4
     110:	69 f4       	brne	.+26     	; 0x12c <_fpadd_parts+0x42>
     112:	84 30       	cpi	r24, 0x04	; 4
     114:	09 f0       	breq	.+2      	; 0x118 <_fpadd_parts+0x2e>
     116:	2f c1       	rjmp	.+606    	; 0x376 <_fpadd_parts+0x28c>
     118:	11 96       	adiw	r26, 0x01	; 1
     11a:	9c 91       	ld	r25, X
     11c:	11 97       	sbiw	r26, 0x01	; 1
     11e:	89 81       	ldd	r24, Y+1	; 0x01
     120:	98 17       	cp	r25, r24
     122:	09 f4       	brne	.+2      	; 0x126 <_fpadd_parts+0x3c>
     124:	28 c1       	rjmp	.+592    	; 0x376 <_fpadd_parts+0x28c>
     126:	a5 e6       	ldi	r26, 0x65	; 101
     128:	b0 e0       	ldi	r27, 0x00	; 0
     12a:	25 c1       	rjmp	.+586    	; 0x376 <_fpadd_parts+0x28c>
     12c:	84 30       	cpi	r24, 0x04	; 4
     12e:	09 f4       	brne	.+2      	; 0x132 <_fpadd_parts+0x48>
     130:	21 c1       	rjmp	.+578    	; 0x374 <_fpadd_parts+0x28a>
     132:	82 30       	cpi	r24, 0x02	; 2
     134:	a9 f4       	brne	.+42     	; 0x160 <_fpadd_parts+0x76>
     136:	92 30       	cpi	r25, 0x02	; 2
     138:	09 f0       	breq	.+2      	; 0x13c <_fpadd_parts+0x52>
     13a:	1d c1       	rjmp	.+570    	; 0x376 <_fpadd_parts+0x28c>
     13c:	9a 01       	movw	r18, r20
     13e:	ad 01       	movw	r20, r26
     140:	88 e0       	ldi	r24, 0x08	; 8
     142:	ea 01       	movw	r28, r20
     144:	09 90       	ld	r0, Y+
     146:	ae 01       	movw	r20, r28
     148:	e9 01       	movw	r28, r18
     14a:	09 92       	st	Y+, r0
     14c:	9e 01       	movw	r18, r28
     14e:	81 50       	subi	r24, 0x01	; 1
     150:	c1 f7       	brne	.-16     	; 0x142 <_fpadd_parts+0x58>
     152:	e2 01       	movw	r28, r4
     154:	89 81       	ldd	r24, Y+1	; 0x01
     156:	11 96       	adiw	r26, 0x01	; 1
     158:	9c 91       	ld	r25, X
     15a:	89 23       	and	r24, r25
     15c:	81 83       	std	Z+1, r24	; 0x01
     15e:	08 c1       	rjmp	.+528    	; 0x370 <_fpadd_parts+0x286>
     160:	92 30       	cpi	r25, 0x02	; 2
     162:	09 f4       	brne	.+2      	; 0x166 <_fpadd_parts+0x7c>
     164:	07 c1       	rjmp	.+526    	; 0x374 <_fpadd_parts+0x28a>
     166:	12 96       	adiw	r26, 0x02	; 2
     168:	2d 90       	ld	r2, X+
     16a:	3c 90       	ld	r3, X
     16c:	13 97       	sbiw	r26, 0x03	; 3
     16e:	eb 01       	movw	r28, r22
     170:	8a 81       	ldd	r24, Y+2	; 0x02
     172:	9b 81       	ldd	r25, Y+3	; 0x03
     174:	14 96       	adiw	r26, 0x04	; 4
     176:	ad 90       	ld	r10, X+
     178:	bd 90       	ld	r11, X+
     17a:	cd 90       	ld	r12, X+
     17c:	dc 90       	ld	r13, X
     17e:	17 97       	sbiw	r26, 0x07	; 7
     180:	ec 80       	ldd	r14, Y+4	; 0x04
     182:	fd 80       	ldd	r15, Y+5	; 0x05
     184:	0e 81       	ldd	r16, Y+6	; 0x06
     186:	1f 81       	ldd	r17, Y+7	; 0x07
     188:	91 01       	movw	r18, r2
     18a:	28 1b       	sub	r18, r24
     18c:	39 0b       	sbc	r19, r25
     18e:	b9 01       	movw	r22, r18
     190:	37 ff       	sbrs	r19, 7
     192:	04 c0       	rjmp	.+8      	; 0x19c <_fpadd_parts+0xb2>
     194:	66 27       	eor	r22, r22
     196:	77 27       	eor	r23, r23
     198:	62 1b       	sub	r22, r18
     19a:	73 0b       	sbc	r23, r19
     19c:	60 32       	cpi	r22, 0x20	; 32
     19e:	71 05       	cpc	r23, r1
     1a0:	0c f0       	brlt	.+2      	; 0x1a4 <_fpadd_parts+0xba>
     1a2:	61 c0       	rjmp	.+194    	; 0x266 <_fpadd_parts+0x17c>
     1a4:	12 16       	cp	r1, r18
     1a6:	13 06       	cpc	r1, r19
     1a8:	6c f5       	brge	.+90     	; 0x204 <_fpadd_parts+0x11a>
     1aa:	37 01       	movw	r6, r14
     1ac:	48 01       	movw	r8, r16
     1ae:	06 2e       	mov	r0, r22
     1b0:	04 c0       	rjmp	.+8      	; 0x1ba <_fpadd_parts+0xd0>
     1b2:	96 94       	lsr	r9
     1b4:	87 94       	ror	r8
     1b6:	77 94       	ror	r7
     1b8:	67 94       	ror	r6
     1ba:	0a 94       	dec	r0
     1bc:	d2 f7       	brpl	.-12     	; 0x1b2 <_fpadd_parts+0xc8>
     1be:	21 e0       	ldi	r18, 0x01	; 1
     1c0:	30 e0       	ldi	r19, 0x00	; 0
     1c2:	40 e0       	ldi	r20, 0x00	; 0
     1c4:	50 e0       	ldi	r21, 0x00	; 0
     1c6:	04 c0       	rjmp	.+8      	; 0x1d0 <_fpadd_parts+0xe6>
     1c8:	22 0f       	add	r18, r18
     1ca:	33 1f       	adc	r19, r19
     1cc:	44 1f       	adc	r20, r20
     1ce:	55 1f       	adc	r21, r21
     1d0:	6a 95       	dec	r22
     1d2:	d2 f7       	brpl	.-12     	; 0x1c8 <_fpadd_parts+0xde>
     1d4:	21 50       	subi	r18, 0x01	; 1
     1d6:	30 40       	sbci	r19, 0x00	; 0
     1d8:	40 40       	sbci	r20, 0x00	; 0
     1da:	50 40       	sbci	r21, 0x00	; 0
     1dc:	2e 21       	and	r18, r14
     1de:	3f 21       	and	r19, r15
     1e0:	40 23       	and	r20, r16
     1e2:	51 23       	and	r21, r17
     1e4:	21 15       	cp	r18, r1
     1e6:	31 05       	cpc	r19, r1
     1e8:	41 05       	cpc	r20, r1
     1ea:	51 05       	cpc	r21, r1
     1ec:	21 f0       	breq	.+8      	; 0x1f6 <_fpadd_parts+0x10c>
     1ee:	21 e0       	ldi	r18, 0x01	; 1
     1f0:	30 e0       	ldi	r19, 0x00	; 0
     1f2:	40 e0       	ldi	r20, 0x00	; 0
     1f4:	50 e0       	ldi	r21, 0x00	; 0
     1f6:	79 01       	movw	r14, r18
     1f8:	8a 01       	movw	r16, r20
     1fa:	e6 28       	or	r14, r6
     1fc:	f7 28       	or	r15, r7
     1fe:	08 29       	or	r16, r8
     200:	19 29       	or	r17, r9
     202:	3c c0       	rjmp	.+120    	; 0x27c <_fpadd_parts+0x192>
     204:	23 2b       	or	r18, r19
     206:	d1 f1       	breq	.+116    	; 0x27c <_fpadd_parts+0x192>
     208:	26 0e       	add	r2, r22
     20a:	37 1e       	adc	r3, r23
     20c:	35 01       	movw	r6, r10
     20e:	46 01       	movw	r8, r12
     210:	06 2e       	mov	r0, r22
     212:	04 c0       	rjmp	.+8      	; 0x21c <_fpadd_parts+0x132>
     214:	96 94       	lsr	r9
     216:	87 94       	ror	r8
     218:	77 94       	ror	r7
     21a:	67 94       	ror	r6
     21c:	0a 94       	dec	r0
     21e:	d2 f7       	brpl	.-12     	; 0x214 <_fpadd_parts+0x12a>
     220:	21 e0       	ldi	r18, 0x01	; 1
     222:	30 e0       	ldi	r19, 0x00	; 0
     224:	40 e0       	ldi	r20, 0x00	; 0
     226:	50 e0       	ldi	r21, 0x00	; 0
     228:	04 c0       	rjmp	.+8      	; 0x232 <_fpadd_parts+0x148>
     22a:	22 0f       	add	r18, r18
     22c:	33 1f       	adc	r19, r19
     22e:	44 1f       	adc	r20, r20
     230:	55 1f       	adc	r21, r21
     232:	6a 95       	dec	r22
     234:	d2 f7       	brpl	.-12     	; 0x22a <_fpadd_parts+0x140>
     236:	21 50       	subi	r18, 0x01	; 1
     238:	30 40       	sbci	r19, 0x00	; 0
     23a:	40 40       	sbci	r20, 0x00	; 0
     23c:	50 40       	sbci	r21, 0x00	; 0
     23e:	2a 21       	and	r18, r10
     240:	3b 21       	and	r19, r11
     242:	4c 21       	and	r20, r12
     244:	5d 21       	and	r21, r13
     246:	21 15       	cp	r18, r1
     248:	31 05       	cpc	r19, r1
     24a:	41 05       	cpc	r20, r1
     24c:	51 05       	cpc	r21, r1
     24e:	21 f0       	breq	.+8      	; 0x258 <_fpadd_parts+0x16e>
     250:	21 e0       	ldi	r18, 0x01	; 1
     252:	30 e0       	ldi	r19, 0x00	; 0
     254:	40 e0       	ldi	r20, 0x00	; 0
     256:	50 e0       	ldi	r21, 0x00	; 0
     258:	59 01       	movw	r10, r18
     25a:	6a 01       	movw	r12, r20
     25c:	a6 28       	or	r10, r6
     25e:	b7 28       	or	r11, r7
     260:	c8 28       	or	r12, r8
     262:	d9 28       	or	r13, r9
     264:	0b c0       	rjmp	.+22     	; 0x27c <_fpadd_parts+0x192>
     266:	82 15       	cp	r24, r2
     268:	93 05       	cpc	r25, r3
     26a:	2c f0       	brlt	.+10     	; 0x276 <_fpadd_parts+0x18c>
     26c:	1c 01       	movw	r2, r24
     26e:	aa 24       	eor	r10, r10
     270:	bb 24       	eor	r11, r11
     272:	65 01       	movw	r12, r10
     274:	03 c0       	rjmp	.+6      	; 0x27c <_fpadd_parts+0x192>
     276:	ee 24       	eor	r14, r14
     278:	ff 24       	eor	r15, r15
     27a:	87 01       	movw	r16, r14
     27c:	11 96       	adiw	r26, 0x01	; 1
     27e:	9c 91       	ld	r25, X
     280:	d2 01       	movw	r26, r4
     282:	11 96       	adiw	r26, 0x01	; 1
     284:	8c 91       	ld	r24, X
     286:	98 17       	cp	r25, r24
     288:	09 f4       	brne	.+2      	; 0x28c <_fpadd_parts+0x1a2>
     28a:	45 c0       	rjmp	.+138    	; 0x316 <_fpadd_parts+0x22c>
     28c:	99 23       	and	r25, r25
     28e:	39 f0       	breq	.+14     	; 0x29e <_fpadd_parts+0x1b4>
     290:	a8 01       	movw	r20, r16
     292:	97 01       	movw	r18, r14
     294:	2a 19       	sub	r18, r10
     296:	3b 09       	sbc	r19, r11
     298:	4c 09       	sbc	r20, r12
     29a:	5d 09       	sbc	r21, r13
     29c:	06 c0       	rjmp	.+12     	; 0x2aa <_fpadd_parts+0x1c0>
     29e:	a6 01       	movw	r20, r12
     2a0:	95 01       	movw	r18, r10
     2a2:	2e 19       	sub	r18, r14
     2a4:	3f 09       	sbc	r19, r15
     2a6:	40 0b       	sbc	r20, r16
     2a8:	51 0b       	sbc	r21, r17
     2aa:	57 fd       	sbrc	r21, 7
     2ac:	08 c0       	rjmp	.+16     	; 0x2be <_fpadd_parts+0x1d4>
     2ae:	11 82       	std	Z+1, r1	; 0x01
     2b0:	33 82       	std	Z+3, r3	; 0x03
     2b2:	22 82       	std	Z+2, r2	; 0x02
     2b4:	24 83       	std	Z+4, r18	; 0x04
     2b6:	35 83       	std	Z+5, r19	; 0x05
     2b8:	46 83       	std	Z+6, r20	; 0x06
     2ba:	57 83       	std	Z+7, r21	; 0x07
     2bc:	1d c0       	rjmp	.+58     	; 0x2f8 <_fpadd_parts+0x20e>
     2be:	81 e0       	ldi	r24, 0x01	; 1
     2c0:	81 83       	std	Z+1, r24	; 0x01
     2c2:	33 82       	std	Z+3, r3	; 0x03
     2c4:	22 82       	std	Z+2, r2	; 0x02
     2c6:	88 27       	eor	r24, r24
     2c8:	99 27       	eor	r25, r25
     2ca:	dc 01       	movw	r26, r24
     2cc:	82 1b       	sub	r24, r18
     2ce:	93 0b       	sbc	r25, r19
     2d0:	a4 0b       	sbc	r26, r20
     2d2:	b5 0b       	sbc	r27, r21
     2d4:	84 83       	std	Z+4, r24	; 0x04
     2d6:	95 83       	std	Z+5, r25	; 0x05
     2d8:	a6 83       	std	Z+6, r26	; 0x06
     2da:	b7 83       	std	Z+7, r27	; 0x07
     2dc:	0d c0       	rjmp	.+26     	; 0x2f8 <_fpadd_parts+0x20e>
     2de:	22 0f       	add	r18, r18
     2e0:	33 1f       	adc	r19, r19
     2e2:	44 1f       	adc	r20, r20
     2e4:	55 1f       	adc	r21, r21
     2e6:	24 83       	std	Z+4, r18	; 0x04
     2e8:	35 83       	std	Z+5, r19	; 0x05
     2ea:	46 83       	std	Z+6, r20	; 0x06
     2ec:	57 83       	std	Z+7, r21	; 0x07
     2ee:	82 81       	ldd	r24, Z+2	; 0x02
     2f0:	93 81       	ldd	r25, Z+3	; 0x03
     2f2:	01 97       	sbiw	r24, 0x01	; 1
     2f4:	93 83       	std	Z+3, r25	; 0x03
     2f6:	82 83       	std	Z+2, r24	; 0x02
     2f8:	24 81       	ldd	r18, Z+4	; 0x04
     2fa:	35 81       	ldd	r19, Z+5	; 0x05
     2fc:	46 81       	ldd	r20, Z+6	; 0x06
     2fe:	57 81       	ldd	r21, Z+7	; 0x07
     300:	da 01       	movw	r26, r20
     302:	c9 01       	movw	r24, r18
     304:	01 97       	sbiw	r24, 0x01	; 1
     306:	a1 09       	sbc	r26, r1
     308:	b1 09       	sbc	r27, r1
     30a:	8f 5f       	subi	r24, 0xFF	; 255
     30c:	9f 4f       	sbci	r25, 0xFF	; 255
     30e:	af 4f       	sbci	r26, 0xFF	; 255
     310:	bf 43       	sbci	r27, 0x3F	; 63
     312:	28 f3       	brcs	.-54     	; 0x2de <_fpadd_parts+0x1f4>
     314:	0b c0       	rjmp	.+22     	; 0x32c <_fpadd_parts+0x242>
     316:	91 83       	std	Z+1, r25	; 0x01
     318:	33 82       	std	Z+3, r3	; 0x03
     31a:	22 82       	std	Z+2, r2	; 0x02
     31c:	ea 0c       	add	r14, r10
     31e:	fb 1c       	adc	r15, r11
     320:	0c 1d       	adc	r16, r12
     322:	1d 1d       	adc	r17, r13
     324:	e4 82       	std	Z+4, r14	; 0x04
     326:	f5 82       	std	Z+5, r15	; 0x05
     328:	06 83       	std	Z+6, r16	; 0x06
     32a:	17 83       	std	Z+7, r17	; 0x07
     32c:	83 e0       	ldi	r24, 0x03	; 3
     32e:	80 83       	st	Z, r24
     330:	24 81       	ldd	r18, Z+4	; 0x04
     332:	35 81       	ldd	r19, Z+5	; 0x05
     334:	46 81       	ldd	r20, Z+6	; 0x06
     336:	57 81       	ldd	r21, Z+7	; 0x07
     338:	57 ff       	sbrs	r21, 7
     33a:	1a c0       	rjmp	.+52     	; 0x370 <_fpadd_parts+0x286>
     33c:	c9 01       	movw	r24, r18
     33e:	aa 27       	eor	r26, r26
     340:	97 fd       	sbrc	r25, 7
     342:	a0 95       	com	r26
     344:	ba 2f       	mov	r27, r26
     346:	81 70       	andi	r24, 0x01	; 1
     348:	90 70       	andi	r25, 0x00	; 0
     34a:	a0 70       	andi	r26, 0x00	; 0
     34c:	b0 70       	andi	r27, 0x00	; 0
     34e:	56 95       	lsr	r21
     350:	47 95       	ror	r20
     352:	37 95       	ror	r19
     354:	27 95       	ror	r18
     356:	82 2b       	or	r24, r18
     358:	93 2b       	or	r25, r19
     35a:	a4 2b       	or	r26, r20
     35c:	b5 2b       	or	r27, r21
     35e:	84 83       	std	Z+4, r24	; 0x04
     360:	95 83       	std	Z+5, r25	; 0x05
     362:	a6 83       	std	Z+6, r26	; 0x06
     364:	b7 83       	std	Z+7, r27	; 0x07
     366:	82 81       	ldd	r24, Z+2	; 0x02
     368:	93 81       	ldd	r25, Z+3	; 0x03
     36a:	01 96       	adiw	r24, 0x01	; 1
     36c:	93 83       	std	Z+3, r25	; 0x03
     36e:	82 83       	std	Z+2, r24	; 0x02
     370:	df 01       	movw	r26, r30
     372:	01 c0       	rjmp	.+2      	; 0x376 <_fpadd_parts+0x28c>
     374:	d2 01       	movw	r26, r4
     376:	cd 01       	movw	r24, r26
     378:	cd b7       	in	r28, 0x3d	; 61
     37a:	de b7       	in	r29, 0x3e	; 62
     37c:	e2 e1       	ldi	r30, 0x12	; 18
     37e:	0c 94 af 11 	jmp	0x235e	; 0x235e <__epilogue_restores__>

00000382 <__subsf3>:
     382:	a0 e2       	ldi	r26, 0x20	; 32
     384:	b0 e0       	ldi	r27, 0x00	; 0
     386:	e7 ec       	ldi	r30, 0xC7	; 199
     388:	f1 e0       	ldi	r31, 0x01	; 1
     38a:	0c 94 9f 11 	jmp	0x233e	; 0x233e <__prologue_saves__+0x18>
     38e:	69 83       	std	Y+1, r22	; 0x01
     390:	7a 83       	std	Y+2, r23	; 0x02
     392:	8b 83       	std	Y+3, r24	; 0x03
     394:	9c 83       	std	Y+4, r25	; 0x04
     396:	2d 83       	std	Y+5, r18	; 0x05
     398:	3e 83       	std	Y+6, r19	; 0x06
     39a:	4f 83       	std	Y+7, r20	; 0x07
     39c:	58 87       	std	Y+8, r21	; 0x08
     39e:	e9 e0       	ldi	r30, 0x09	; 9
     3a0:	ee 2e       	mov	r14, r30
     3a2:	f1 2c       	mov	r15, r1
     3a4:	ec 0e       	add	r14, r28
     3a6:	fd 1e       	adc	r15, r29
     3a8:	ce 01       	movw	r24, r28
     3aa:	01 96       	adiw	r24, 0x01	; 1
     3ac:	b7 01       	movw	r22, r14
     3ae:	0e 94 d2 04 	call	0x9a4	; 0x9a4 <__unpack_f>
     3b2:	8e 01       	movw	r16, r28
     3b4:	0f 5e       	subi	r16, 0xEF	; 239
     3b6:	1f 4f       	sbci	r17, 0xFF	; 255
     3b8:	ce 01       	movw	r24, r28
     3ba:	05 96       	adiw	r24, 0x05	; 5
     3bc:	b8 01       	movw	r22, r16
     3be:	0e 94 d2 04 	call	0x9a4	; 0x9a4 <__unpack_f>
     3c2:	8a 89       	ldd	r24, Y+18	; 0x12
     3c4:	91 e0       	ldi	r25, 0x01	; 1
     3c6:	89 27       	eor	r24, r25
     3c8:	8a 8b       	std	Y+18, r24	; 0x12
     3ca:	c7 01       	movw	r24, r14
     3cc:	b8 01       	movw	r22, r16
     3ce:	ae 01       	movw	r20, r28
     3d0:	47 5e       	subi	r20, 0xE7	; 231
     3d2:	5f 4f       	sbci	r21, 0xFF	; 255
     3d4:	0e 94 75 00 	call	0xea	; 0xea <_fpadd_parts>
     3d8:	0e 94 fd 03 	call	0x7fa	; 0x7fa <__pack_f>
     3dc:	a0 96       	adiw	r28, 0x20	; 32
     3de:	e6 e0       	ldi	r30, 0x06	; 6
     3e0:	0c 94 bb 11 	jmp	0x2376	; 0x2376 <__epilogue_restores__+0x18>

000003e4 <__addsf3>:
     3e4:	a0 e2       	ldi	r26, 0x20	; 32
     3e6:	b0 e0       	ldi	r27, 0x00	; 0
     3e8:	e8 ef       	ldi	r30, 0xF8	; 248
     3ea:	f1 e0       	ldi	r31, 0x01	; 1
     3ec:	0c 94 9f 11 	jmp	0x233e	; 0x233e <__prologue_saves__+0x18>
     3f0:	69 83       	std	Y+1, r22	; 0x01
     3f2:	7a 83       	std	Y+2, r23	; 0x02
     3f4:	8b 83       	std	Y+3, r24	; 0x03
     3f6:	9c 83       	std	Y+4, r25	; 0x04
     3f8:	2d 83       	std	Y+5, r18	; 0x05
     3fa:	3e 83       	std	Y+6, r19	; 0x06
     3fc:	4f 83       	std	Y+7, r20	; 0x07
     3fe:	58 87       	std	Y+8, r21	; 0x08
     400:	f9 e0       	ldi	r31, 0x09	; 9
     402:	ef 2e       	mov	r14, r31
     404:	f1 2c       	mov	r15, r1
     406:	ec 0e       	add	r14, r28
     408:	fd 1e       	adc	r15, r29
     40a:	ce 01       	movw	r24, r28
     40c:	01 96       	adiw	r24, 0x01	; 1
     40e:	b7 01       	movw	r22, r14
     410:	0e 94 d2 04 	call	0x9a4	; 0x9a4 <__unpack_f>
     414:	8e 01       	movw	r16, r28
     416:	0f 5e       	subi	r16, 0xEF	; 239
     418:	1f 4f       	sbci	r17, 0xFF	; 255
     41a:	ce 01       	movw	r24, r28
     41c:	05 96       	adiw	r24, 0x05	; 5
     41e:	b8 01       	movw	r22, r16
     420:	0e 94 d2 04 	call	0x9a4	; 0x9a4 <__unpack_f>
     424:	c7 01       	movw	r24, r14
     426:	b8 01       	movw	r22, r16
     428:	ae 01       	movw	r20, r28
     42a:	47 5e       	subi	r20, 0xE7	; 231
     42c:	5f 4f       	sbci	r21, 0xFF	; 255
     42e:	0e 94 75 00 	call	0xea	; 0xea <_fpadd_parts>
     432:	0e 94 fd 03 	call	0x7fa	; 0x7fa <__pack_f>
     436:	a0 96       	adiw	r28, 0x20	; 32
     438:	e6 e0       	ldi	r30, 0x06	; 6
     43a:	0c 94 bb 11 	jmp	0x2376	; 0x2376 <__epilogue_restores__+0x18>

0000043e <__mulsf3>:
     43e:	a0 e2       	ldi	r26, 0x20	; 32
     440:	b0 e0       	ldi	r27, 0x00	; 0
     442:	e5 e2       	ldi	r30, 0x25	; 37
     444:	f2 e0       	ldi	r31, 0x02	; 2
     446:	0c 94 93 11 	jmp	0x2326	; 0x2326 <__prologue_saves__>
     44a:	69 83       	std	Y+1, r22	; 0x01
     44c:	7a 83       	std	Y+2, r23	; 0x02
     44e:	8b 83       	std	Y+3, r24	; 0x03
     450:	9c 83       	std	Y+4, r25	; 0x04
     452:	2d 83       	std	Y+5, r18	; 0x05
     454:	3e 83       	std	Y+6, r19	; 0x06
     456:	4f 83       	std	Y+7, r20	; 0x07
     458:	58 87       	std	Y+8, r21	; 0x08
     45a:	ce 01       	movw	r24, r28
     45c:	01 96       	adiw	r24, 0x01	; 1
     45e:	be 01       	movw	r22, r28
     460:	67 5f       	subi	r22, 0xF7	; 247
     462:	7f 4f       	sbci	r23, 0xFF	; 255
     464:	0e 94 d2 04 	call	0x9a4	; 0x9a4 <__unpack_f>
     468:	ce 01       	movw	r24, r28
     46a:	05 96       	adiw	r24, 0x05	; 5
     46c:	be 01       	movw	r22, r28
     46e:	6f 5e       	subi	r22, 0xEF	; 239
     470:	7f 4f       	sbci	r23, 0xFF	; 255
     472:	0e 94 d2 04 	call	0x9a4	; 0x9a4 <__unpack_f>
     476:	99 85       	ldd	r25, Y+9	; 0x09
     478:	92 30       	cpi	r25, 0x02	; 2
     47a:	88 f0       	brcs	.+34     	; 0x49e <__mulsf3+0x60>
     47c:	89 89       	ldd	r24, Y+17	; 0x11
     47e:	82 30       	cpi	r24, 0x02	; 2
     480:	c8 f0       	brcs	.+50     	; 0x4b4 <__mulsf3+0x76>
     482:	94 30       	cpi	r25, 0x04	; 4
     484:	19 f4       	brne	.+6      	; 0x48c <__mulsf3+0x4e>
     486:	82 30       	cpi	r24, 0x02	; 2
     488:	51 f4       	brne	.+20     	; 0x49e <__mulsf3+0x60>
     48a:	04 c0       	rjmp	.+8      	; 0x494 <__mulsf3+0x56>
     48c:	84 30       	cpi	r24, 0x04	; 4
     48e:	29 f4       	brne	.+10     	; 0x49a <__mulsf3+0x5c>
     490:	92 30       	cpi	r25, 0x02	; 2
     492:	81 f4       	brne	.+32     	; 0x4b4 <__mulsf3+0x76>
     494:	85 e6       	ldi	r24, 0x65	; 101
     496:	90 e0       	ldi	r25, 0x00	; 0
     498:	c6 c0       	rjmp	.+396    	; 0x626 <__mulsf3+0x1e8>
     49a:	92 30       	cpi	r25, 0x02	; 2
     49c:	49 f4       	brne	.+18     	; 0x4b0 <__mulsf3+0x72>
     49e:	20 e0       	ldi	r18, 0x00	; 0
     4a0:	9a 85       	ldd	r25, Y+10	; 0x0a
     4a2:	8a 89       	ldd	r24, Y+18	; 0x12
     4a4:	98 13       	cpse	r25, r24
     4a6:	21 e0       	ldi	r18, 0x01	; 1
     4a8:	2a 87       	std	Y+10, r18	; 0x0a
     4aa:	ce 01       	movw	r24, r28
     4ac:	09 96       	adiw	r24, 0x09	; 9
     4ae:	bb c0       	rjmp	.+374    	; 0x626 <__mulsf3+0x1e8>
     4b0:	82 30       	cpi	r24, 0x02	; 2
     4b2:	49 f4       	brne	.+18     	; 0x4c6 <__mulsf3+0x88>
     4b4:	20 e0       	ldi	r18, 0x00	; 0
     4b6:	9a 85       	ldd	r25, Y+10	; 0x0a
     4b8:	8a 89       	ldd	r24, Y+18	; 0x12
     4ba:	98 13       	cpse	r25, r24
     4bc:	21 e0       	ldi	r18, 0x01	; 1
     4be:	2a 8b       	std	Y+18, r18	; 0x12
     4c0:	ce 01       	movw	r24, r28
     4c2:	41 96       	adiw	r24, 0x11	; 17
     4c4:	b0 c0       	rjmp	.+352    	; 0x626 <__mulsf3+0x1e8>
     4c6:	2d 84       	ldd	r2, Y+13	; 0x0d
     4c8:	3e 84       	ldd	r3, Y+14	; 0x0e
     4ca:	4f 84       	ldd	r4, Y+15	; 0x0f
     4cc:	58 88       	ldd	r5, Y+16	; 0x10
     4ce:	6d 88       	ldd	r6, Y+21	; 0x15
     4d0:	7e 88       	ldd	r7, Y+22	; 0x16
     4d2:	8f 88       	ldd	r8, Y+23	; 0x17
     4d4:	98 8c       	ldd	r9, Y+24	; 0x18
     4d6:	ee 24       	eor	r14, r14
     4d8:	ff 24       	eor	r15, r15
     4da:	87 01       	movw	r16, r14
     4dc:	aa 24       	eor	r10, r10
     4de:	bb 24       	eor	r11, r11
     4e0:	65 01       	movw	r12, r10
     4e2:	40 e0       	ldi	r20, 0x00	; 0
     4e4:	50 e0       	ldi	r21, 0x00	; 0
     4e6:	60 e0       	ldi	r22, 0x00	; 0
     4e8:	70 e0       	ldi	r23, 0x00	; 0
     4ea:	e0 e0       	ldi	r30, 0x00	; 0
     4ec:	f0 e0       	ldi	r31, 0x00	; 0
     4ee:	c1 01       	movw	r24, r2
     4f0:	81 70       	andi	r24, 0x01	; 1
     4f2:	90 70       	andi	r25, 0x00	; 0
     4f4:	89 2b       	or	r24, r25
     4f6:	e9 f0       	breq	.+58     	; 0x532 <__mulsf3+0xf4>
     4f8:	e6 0c       	add	r14, r6
     4fa:	f7 1c       	adc	r15, r7
     4fc:	08 1d       	adc	r16, r8
     4fe:	19 1d       	adc	r17, r9
     500:	9a 01       	movw	r18, r20
     502:	ab 01       	movw	r20, r22
     504:	2a 0d       	add	r18, r10
     506:	3b 1d       	adc	r19, r11
     508:	4c 1d       	adc	r20, r12
     50a:	5d 1d       	adc	r21, r13
     50c:	80 e0       	ldi	r24, 0x00	; 0
     50e:	90 e0       	ldi	r25, 0x00	; 0
     510:	a0 e0       	ldi	r26, 0x00	; 0
     512:	b0 e0       	ldi	r27, 0x00	; 0
     514:	e6 14       	cp	r14, r6
     516:	f7 04       	cpc	r15, r7
     518:	08 05       	cpc	r16, r8
     51a:	19 05       	cpc	r17, r9
     51c:	20 f4       	brcc	.+8      	; 0x526 <__mulsf3+0xe8>
     51e:	81 e0       	ldi	r24, 0x01	; 1
     520:	90 e0       	ldi	r25, 0x00	; 0
     522:	a0 e0       	ldi	r26, 0x00	; 0
     524:	b0 e0       	ldi	r27, 0x00	; 0
     526:	ba 01       	movw	r22, r20
     528:	a9 01       	movw	r20, r18
     52a:	48 0f       	add	r20, r24
     52c:	59 1f       	adc	r21, r25
     52e:	6a 1f       	adc	r22, r26
     530:	7b 1f       	adc	r23, r27
     532:	aa 0c       	add	r10, r10
     534:	bb 1c       	adc	r11, r11
     536:	cc 1c       	adc	r12, r12
     538:	dd 1c       	adc	r13, r13
     53a:	97 fe       	sbrs	r9, 7
     53c:	08 c0       	rjmp	.+16     	; 0x54e <__mulsf3+0x110>
     53e:	81 e0       	ldi	r24, 0x01	; 1
     540:	90 e0       	ldi	r25, 0x00	; 0
     542:	a0 e0       	ldi	r26, 0x00	; 0
     544:	b0 e0       	ldi	r27, 0x00	; 0
     546:	a8 2a       	or	r10, r24
     548:	b9 2a       	or	r11, r25
     54a:	ca 2a       	or	r12, r26
     54c:	db 2a       	or	r13, r27
     54e:	31 96       	adiw	r30, 0x01	; 1
     550:	e0 32       	cpi	r30, 0x20	; 32
     552:	f1 05       	cpc	r31, r1
     554:	49 f0       	breq	.+18     	; 0x568 <__mulsf3+0x12a>
     556:	66 0c       	add	r6, r6
     558:	77 1c       	adc	r7, r7
     55a:	88 1c       	adc	r8, r8
     55c:	99 1c       	adc	r9, r9
     55e:	56 94       	lsr	r5
     560:	47 94       	ror	r4
     562:	37 94       	ror	r3
     564:	27 94       	ror	r2
     566:	c3 cf       	rjmp	.-122    	; 0x4ee <__mulsf3+0xb0>
     568:	fa 85       	ldd	r31, Y+10	; 0x0a
     56a:	ea 89       	ldd	r30, Y+18	; 0x12
     56c:	2b 89       	ldd	r18, Y+19	; 0x13
     56e:	3c 89       	ldd	r19, Y+20	; 0x14
     570:	8b 85       	ldd	r24, Y+11	; 0x0b
     572:	9c 85       	ldd	r25, Y+12	; 0x0c
     574:	28 0f       	add	r18, r24
     576:	39 1f       	adc	r19, r25
     578:	2e 5f       	subi	r18, 0xFE	; 254
     57a:	3f 4f       	sbci	r19, 0xFF	; 255
     57c:	17 c0       	rjmp	.+46     	; 0x5ac <__mulsf3+0x16e>
     57e:	ca 01       	movw	r24, r20
     580:	81 70       	andi	r24, 0x01	; 1
     582:	90 70       	andi	r25, 0x00	; 0
     584:	89 2b       	or	r24, r25
     586:	61 f0       	breq	.+24     	; 0x5a0 <__mulsf3+0x162>
     588:	16 95       	lsr	r17
     58a:	07 95       	ror	r16
     58c:	f7 94       	ror	r15
     58e:	e7 94       	ror	r14
     590:	80 e0       	ldi	r24, 0x00	; 0
     592:	90 e0       	ldi	r25, 0x00	; 0
     594:	a0 e0       	ldi	r26, 0x00	; 0
     596:	b0 e8       	ldi	r27, 0x80	; 128
     598:	e8 2a       	or	r14, r24
     59a:	f9 2a       	or	r15, r25
     59c:	0a 2b       	or	r16, r26
     59e:	1b 2b       	or	r17, r27
     5a0:	76 95       	lsr	r23
     5a2:	67 95       	ror	r22
     5a4:	57 95       	ror	r21
     5a6:	47 95       	ror	r20
     5a8:	2f 5f       	subi	r18, 0xFF	; 255
     5aa:	3f 4f       	sbci	r19, 0xFF	; 255
     5ac:	77 fd       	sbrc	r23, 7
     5ae:	e7 cf       	rjmp	.-50     	; 0x57e <__mulsf3+0x140>
     5b0:	0c c0       	rjmp	.+24     	; 0x5ca <__mulsf3+0x18c>
     5b2:	44 0f       	add	r20, r20
     5b4:	55 1f       	adc	r21, r21
     5b6:	66 1f       	adc	r22, r22
     5b8:	77 1f       	adc	r23, r23
     5ba:	17 fd       	sbrc	r17, 7
     5bc:	41 60       	ori	r20, 0x01	; 1
     5be:	ee 0c       	add	r14, r14
     5c0:	ff 1c       	adc	r15, r15
     5c2:	00 1f       	adc	r16, r16
     5c4:	11 1f       	adc	r17, r17
     5c6:	21 50       	subi	r18, 0x01	; 1
     5c8:	30 40       	sbci	r19, 0x00	; 0
     5ca:	40 30       	cpi	r20, 0x00	; 0
     5cc:	90 e0       	ldi	r25, 0x00	; 0
     5ce:	59 07       	cpc	r21, r25
     5d0:	90 e0       	ldi	r25, 0x00	; 0
     5d2:	69 07       	cpc	r22, r25
     5d4:	90 e4       	ldi	r25, 0x40	; 64
     5d6:	79 07       	cpc	r23, r25
     5d8:	60 f3       	brcs	.-40     	; 0x5b2 <__mulsf3+0x174>
     5da:	2b 8f       	std	Y+27, r18	; 0x1b
     5dc:	3c 8f       	std	Y+28, r19	; 0x1c
     5de:	db 01       	movw	r26, r22
     5e0:	ca 01       	movw	r24, r20
     5e2:	8f 77       	andi	r24, 0x7F	; 127
     5e4:	90 70       	andi	r25, 0x00	; 0
     5e6:	a0 70       	andi	r26, 0x00	; 0
     5e8:	b0 70       	andi	r27, 0x00	; 0
     5ea:	80 34       	cpi	r24, 0x40	; 64
     5ec:	91 05       	cpc	r25, r1
     5ee:	a1 05       	cpc	r26, r1
     5f0:	b1 05       	cpc	r27, r1
     5f2:	61 f4       	brne	.+24     	; 0x60c <__mulsf3+0x1ce>
     5f4:	47 fd       	sbrc	r20, 7
     5f6:	0a c0       	rjmp	.+20     	; 0x60c <__mulsf3+0x1ce>
     5f8:	e1 14       	cp	r14, r1
     5fa:	f1 04       	cpc	r15, r1
     5fc:	01 05       	cpc	r16, r1
     5fe:	11 05       	cpc	r17, r1
     600:	29 f0       	breq	.+10     	; 0x60c <__mulsf3+0x1ce>
     602:	40 5c       	subi	r20, 0xC0	; 192
     604:	5f 4f       	sbci	r21, 0xFF	; 255
     606:	6f 4f       	sbci	r22, 0xFF	; 255
     608:	7f 4f       	sbci	r23, 0xFF	; 255
     60a:	40 78       	andi	r20, 0x80	; 128
     60c:	1a 8e       	std	Y+26, r1	; 0x1a
     60e:	fe 17       	cp	r31, r30
     610:	11 f0       	breq	.+4      	; 0x616 <__mulsf3+0x1d8>
     612:	81 e0       	ldi	r24, 0x01	; 1
     614:	8a 8f       	std	Y+26, r24	; 0x1a
     616:	4d 8f       	std	Y+29, r20	; 0x1d
     618:	5e 8f       	std	Y+30, r21	; 0x1e
     61a:	6f 8f       	std	Y+31, r22	; 0x1f
     61c:	78 a3       	std	Y+32, r23	; 0x20
     61e:	83 e0       	ldi	r24, 0x03	; 3
     620:	89 8f       	std	Y+25, r24	; 0x19
     622:	ce 01       	movw	r24, r28
     624:	49 96       	adiw	r24, 0x19	; 25
     626:	0e 94 fd 03 	call	0x7fa	; 0x7fa <__pack_f>
     62a:	a0 96       	adiw	r28, 0x20	; 32
     62c:	e2 e1       	ldi	r30, 0x12	; 18
     62e:	0c 94 af 11 	jmp	0x235e	; 0x235e <__epilogue_restores__>

00000632 <__gtsf2>:
     632:	a8 e1       	ldi	r26, 0x18	; 24
     634:	b0 e0       	ldi	r27, 0x00	; 0
     636:	ef e1       	ldi	r30, 0x1F	; 31
     638:	f3 e0       	ldi	r31, 0x03	; 3
     63a:	0c 94 9f 11 	jmp	0x233e	; 0x233e <__prologue_saves__+0x18>
     63e:	69 83       	std	Y+1, r22	; 0x01
     640:	7a 83       	std	Y+2, r23	; 0x02
     642:	8b 83       	std	Y+3, r24	; 0x03
     644:	9c 83       	std	Y+4, r25	; 0x04
     646:	2d 83       	std	Y+5, r18	; 0x05
     648:	3e 83       	std	Y+6, r19	; 0x06
     64a:	4f 83       	std	Y+7, r20	; 0x07
     64c:	58 87       	std	Y+8, r21	; 0x08
     64e:	89 e0       	ldi	r24, 0x09	; 9
     650:	e8 2e       	mov	r14, r24
     652:	f1 2c       	mov	r15, r1
     654:	ec 0e       	add	r14, r28
     656:	fd 1e       	adc	r15, r29
     658:	ce 01       	movw	r24, r28
     65a:	01 96       	adiw	r24, 0x01	; 1
     65c:	b7 01       	movw	r22, r14
     65e:	0e 94 d2 04 	call	0x9a4	; 0x9a4 <__unpack_f>
     662:	8e 01       	movw	r16, r28
     664:	0f 5e       	subi	r16, 0xEF	; 239
     666:	1f 4f       	sbci	r17, 0xFF	; 255
     668:	ce 01       	movw	r24, r28
     66a:	05 96       	adiw	r24, 0x05	; 5
     66c:	b8 01       	movw	r22, r16
     66e:	0e 94 d2 04 	call	0x9a4	; 0x9a4 <__unpack_f>
     672:	89 85       	ldd	r24, Y+9	; 0x09
     674:	82 30       	cpi	r24, 0x02	; 2
     676:	40 f0       	brcs	.+16     	; 0x688 <__gtsf2+0x56>
     678:	89 89       	ldd	r24, Y+17	; 0x11
     67a:	82 30       	cpi	r24, 0x02	; 2
     67c:	28 f0       	brcs	.+10     	; 0x688 <__gtsf2+0x56>
     67e:	c7 01       	movw	r24, r14
     680:	b8 01       	movw	r22, r16
     682:	0e 94 4a 05 	call	0xa94	; 0xa94 <__fpcmp_parts_f>
     686:	01 c0       	rjmp	.+2      	; 0x68a <__gtsf2+0x58>
     688:	8f ef       	ldi	r24, 0xFF	; 255
     68a:	68 96       	adiw	r28, 0x18	; 24
     68c:	e6 e0       	ldi	r30, 0x06	; 6
     68e:	0c 94 bb 11 	jmp	0x2376	; 0x2376 <__epilogue_restores__+0x18>

00000692 <__gesf2>:
     692:	a8 e1       	ldi	r26, 0x18	; 24
     694:	b0 e0       	ldi	r27, 0x00	; 0
     696:	ef e4       	ldi	r30, 0x4F	; 79
     698:	f3 e0       	ldi	r31, 0x03	; 3
     69a:	0c 94 9f 11 	jmp	0x233e	; 0x233e <__prologue_saves__+0x18>
     69e:	69 83       	std	Y+1, r22	; 0x01
     6a0:	7a 83       	std	Y+2, r23	; 0x02
     6a2:	8b 83       	std	Y+3, r24	; 0x03
     6a4:	9c 83       	std	Y+4, r25	; 0x04
     6a6:	2d 83       	std	Y+5, r18	; 0x05
     6a8:	3e 83       	std	Y+6, r19	; 0x06
     6aa:	4f 83       	std	Y+7, r20	; 0x07
     6ac:	58 87       	std	Y+8, r21	; 0x08
     6ae:	89 e0       	ldi	r24, 0x09	; 9
     6b0:	e8 2e       	mov	r14, r24
     6b2:	f1 2c       	mov	r15, r1
     6b4:	ec 0e       	add	r14, r28
     6b6:	fd 1e       	adc	r15, r29
     6b8:	ce 01       	movw	r24, r28
     6ba:	01 96       	adiw	r24, 0x01	; 1
     6bc:	b7 01       	movw	r22, r14
     6be:	0e 94 d2 04 	call	0x9a4	; 0x9a4 <__unpack_f>
     6c2:	8e 01       	movw	r16, r28
     6c4:	0f 5e       	subi	r16, 0xEF	; 239
     6c6:	1f 4f       	sbci	r17, 0xFF	; 255
     6c8:	ce 01       	movw	r24, r28
     6ca:	05 96       	adiw	r24, 0x05	; 5
     6cc:	b8 01       	movw	r22, r16
     6ce:	0e 94 d2 04 	call	0x9a4	; 0x9a4 <__unpack_f>
     6d2:	89 85       	ldd	r24, Y+9	; 0x09
     6d4:	82 30       	cpi	r24, 0x02	; 2
     6d6:	40 f0       	brcs	.+16     	; 0x6e8 <__gesf2+0x56>
     6d8:	89 89       	ldd	r24, Y+17	; 0x11
     6da:	82 30       	cpi	r24, 0x02	; 2
     6dc:	28 f0       	brcs	.+10     	; 0x6e8 <__gesf2+0x56>
     6de:	c7 01       	movw	r24, r14
     6e0:	b8 01       	movw	r22, r16
     6e2:	0e 94 4a 05 	call	0xa94	; 0xa94 <__fpcmp_parts_f>
     6e6:	01 c0       	rjmp	.+2      	; 0x6ea <__gesf2+0x58>
     6e8:	8f ef       	ldi	r24, 0xFF	; 255
     6ea:	68 96       	adiw	r28, 0x18	; 24
     6ec:	e6 e0       	ldi	r30, 0x06	; 6
     6ee:	0c 94 bb 11 	jmp	0x2376	; 0x2376 <__epilogue_restores__+0x18>

000006f2 <__ltsf2>:
     6f2:	a8 e1       	ldi	r26, 0x18	; 24
     6f4:	b0 e0       	ldi	r27, 0x00	; 0
     6f6:	ef e7       	ldi	r30, 0x7F	; 127
     6f8:	f3 e0       	ldi	r31, 0x03	; 3
     6fa:	0c 94 9f 11 	jmp	0x233e	; 0x233e <__prologue_saves__+0x18>
     6fe:	69 83       	std	Y+1, r22	; 0x01
     700:	7a 83       	std	Y+2, r23	; 0x02
     702:	8b 83       	std	Y+3, r24	; 0x03
     704:	9c 83       	std	Y+4, r25	; 0x04
     706:	2d 83       	std	Y+5, r18	; 0x05
     708:	3e 83       	std	Y+6, r19	; 0x06
     70a:	4f 83       	std	Y+7, r20	; 0x07
     70c:	58 87       	std	Y+8, r21	; 0x08
     70e:	89 e0       	ldi	r24, 0x09	; 9
     710:	e8 2e       	mov	r14, r24
     712:	f1 2c       	mov	r15, r1
     714:	ec 0e       	add	r14, r28
     716:	fd 1e       	adc	r15, r29
     718:	ce 01       	movw	r24, r28
     71a:	01 96       	adiw	r24, 0x01	; 1
     71c:	b7 01       	movw	r22, r14
     71e:	0e 94 d2 04 	call	0x9a4	; 0x9a4 <__unpack_f>
     722:	8e 01       	movw	r16, r28
     724:	0f 5e       	subi	r16, 0xEF	; 239
     726:	1f 4f       	sbci	r17, 0xFF	; 255
     728:	ce 01       	movw	r24, r28
     72a:	05 96       	adiw	r24, 0x05	; 5
     72c:	b8 01       	movw	r22, r16
     72e:	0e 94 d2 04 	call	0x9a4	; 0x9a4 <__unpack_f>
     732:	89 85       	ldd	r24, Y+9	; 0x09
     734:	82 30       	cpi	r24, 0x02	; 2
     736:	40 f0       	brcs	.+16     	; 0x748 <__ltsf2+0x56>
     738:	89 89       	ldd	r24, Y+17	; 0x11
     73a:	82 30       	cpi	r24, 0x02	; 2
     73c:	28 f0       	brcs	.+10     	; 0x748 <__ltsf2+0x56>
     73e:	c7 01       	movw	r24, r14
     740:	b8 01       	movw	r22, r16
     742:	0e 94 4a 05 	call	0xa94	; 0xa94 <__fpcmp_parts_f>
     746:	01 c0       	rjmp	.+2      	; 0x74a <__ltsf2+0x58>
     748:	81 e0       	ldi	r24, 0x01	; 1
     74a:	68 96       	adiw	r28, 0x18	; 24
     74c:	e6 e0       	ldi	r30, 0x06	; 6
     74e:	0c 94 bb 11 	jmp	0x2376	; 0x2376 <__epilogue_restores__+0x18>

00000752 <__fixsfsi>:
     752:	ac e0       	ldi	r26, 0x0C	; 12
     754:	b0 e0       	ldi	r27, 0x00	; 0
     756:	ef ea       	ldi	r30, 0xAF	; 175
     758:	f3 e0       	ldi	r31, 0x03	; 3
     75a:	0c 94 a3 11 	jmp	0x2346	; 0x2346 <__prologue_saves__+0x20>
     75e:	69 83       	std	Y+1, r22	; 0x01
     760:	7a 83       	std	Y+2, r23	; 0x02
     762:	8b 83       	std	Y+3, r24	; 0x03
     764:	9c 83       	std	Y+4, r25	; 0x04
     766:	ce 01       	movw	r24, r28
     768:	01 96       	adiw	r24, 0x01	; 1
     76a:	be 01       	movw	r22, r28
     76c:	6b 5f       	subi	r22, 0xFB	; 251
     76e:	7f 4f       	sbci	r23, 0xFF	; 255
     770:	0e 94 d2 04 	call	0x9a4	; 0x9a4 <__unpack_f>
     774:	8d 81       	ldd	r24, Y+5	; 0x05
     776:	82 30       	cpi	r24, 0x02	; 2
     778:	61 f1       	breq	.+88     	; 0x7d2 <__fixsfsi+0x80>
     77a:	82 30       	cpi	r24, 0x02	; 2
     77c:	50 f1       	brcs	.+84     	; 0x7d2 <__fixsfsi+0x80>
     77e:	84 30       	cpi	r24, 0x04	; 4
     780:	21 f4       	brne	.+8      	; 0x78a <__fixsfsi+0x38>
     782:	8e 81       	ldd	r24, Y+6	; 0x06
     784:	88 23       	and	r24, r24
     786:	51 f1       	breq	.+84     	; 0x7dc <__fixsfsi+0x8a>
     788:	2e c0       	rjmp	.+92     	; 0x7e6 <__fixsfsi+0x94>
     78a:	2f 81       	ldd	r18, Y+7	; 0x07
     78c:	38 85       	ldd	r19, Y+8	; 0x08
     78e:	37 fd       	sbrc	r19, 7
     790:	20 c0       	rjmp	.+64     	; 0x7d2 <__fixsfsi+0x80>
     792:	6e 81       	ldd	r22, Y+6	; 0x06
     794:	2f 31       	cpi	r18, 0x1F	; 31
     796:	31 05       	cpc	r19, r1
     798:	1c f0       	brlt	.+6      	; 0x7a0 <__fixsfsi+0x4e>
     79a:	66 23       	and	r22, r22
     79c:	f9 f0       	breq	.+62     	; 0x7dc <__fixsfsi+0x8a>
     79e:	23 c0       	rjmp	.+70     	; 0x7e6 <__fixsfsi+0x94>
     7a0:	8e e1       	ldi	r24, 0x1E	; 30
     7a2:	90 e0       	ldi	r25, 0x00	; 0
     7a4:	82 1b       	sub	r24, r18
     7a6:	93 0b       	sbc	r25, r19
     7a8:	29 85       	ldd	r18, Y+9	; 0x09
     7aa:	3a 85       	ldd	r19, Y+10	; 0x0a
     7ac:	4b 85       	ldd	r20, Y+11	; 0x0b
     7ae:	5c 85       	ldd	r21, Y+12	; 0x0c
     7b0:	04 c0       	rjmp	.+8      	; 0x7ba <__fixsfsi+0x68>
     7b2:	56 95       	lsr	r21
     7b4:	47 95       	ror	r20
     7b6:	37 95       	ror	r19
     7b8:	27 95       	ror	r18
     7ba:	8a 95       	dec	r24
     7bc:	d2 f7       	brpl	.-12     	; 0x7b2 <__fixsfsi+0x60>
     7be:	66 23       	and	r22, r22
     7c0:	b1 f0       	breq	.+44     	; 0x7ee <__fixsfsi+0x9c>
     7c2:	50 95       	com	r21
     7c4:	40 95       	com	r20
     7c6:	30 95       	com	r19
     7c8:	21 95       	neg	r18
     7ca:	3f 4f       	sbci	r19, 0xFF	; 255
     7cc:	4f 4f       	sbci	r20, 0xFF	; 255
     7ce:	5f 4f       	sbci	r21, 0xFF	; 255
     7d0:	0e c0       	rjmp	.+28     	; 0x7ee <__fixsfsi+0x9c>
     7d2:	20 e0       	ldi	r18, 0x00	; 0
     7d4:	30 e0       	ldi	r19, 0x00	; 0
     7d6:	40 e0       	ldi	r20, 0x00	; 0
     7d8:	50 e0       	ldi	r21, 0x00	; 0
     7da:	09 c0       	rjmp	.+18     	; 0x7ee <__fixsfsi+0x9c>
     7dc:	2f ef       	ldi	r18, 0xFF	; 255
     7de:	3f ef       	ldi	r19, 0xFF	; 255
     7e0:	4f ef       	ldi	r20, 0xFF	; 255
     7e2:	5f e7       	ldi	r21, 0x7F	; 127
     7e4:	04 c0       	rjmp	.+8      	; 0x7ee <__fixsfsi+0x9c>
     7e6:	20 e0       	ldi	r18, 0x00	; 0
     7e8:	30 e0       	ldi	r19, 0x00	; 0
     7ea:	40 e0       	ldi	r20, 0x00	; 0
     7ec:	50 e8       	ldi	r21, 0x80	; 128
     7ee:	b9 01       	movw	r22, r18
     7f0:	ca 01       	movw	r24, r20
     7f2:	2c 96       	adiw	r28, 0x0c	; 12
     7f4:	e2 e0       	ldi	r30, 0x02	; 2
     7f6:	0c 94 bf 11 	jmp	0x237e	; 0x237e <__epilogue_restores__+0x20>

000007fa <__pack_f>:
     7fa:	df 92       	push	r13
     7fc:	ef 92       	push	r14
     7fe:	ff 92       	push	r15
     800:	0f 93       	push	r16
     802:	1f 93       	push	r17
     804:	fc 01       	movw	r30, r24
     806:	e4 80       	ldd	r14, Z+4	; 0x04
     808:	f5 80       	ldd	r15, Z+5	; 0x05
     80a:	06 81       	ldd	r16, Z+6	; 0x06
     80c:	17 81       	ldd	r17, Z+7	; 0x07
     80e:	d1 80       	ldd	r13, Z+1	; 0x01
     810:	80 81       	ld	r24, Z
     812:	82 30       	cpi	r24, 0x02	; 2
     814:	48 f4       	brcc	.+18     	; 0x828 <__pack_f+0x2e>
     816:	80 e0       	ldi	r24, 0x00	; 0
     818:	90 e0       	ldi	r25, 0x00	; 0
     81a:	a0 e1       	ldi	r26, 0x10	; 16
     81c:	b0 e0       	ldi	r27, 0x00	; 0
     81e:	e8 2a       	or	r14, r24
     820:	f9 2a       	or	r15, r25
     822:	0a 2b       	or	r16, r26
     824:	1b 2b       	or	r17, r27
     826:	a5 c0       	rjmp	.+330    	; 0x972 <__stack+0x113>
     828:	84 30       	cpi	r24, 0x04	; 4
     82a:	09 f4       	brne	.+2      	; 0x82e <__pack_f+0x34>
     82c:	9f c0       	rjmp	.+318    	; 0x96c <__stack+0x10d>
     82e:	82 30       	cpi	r24, 0x02	; 2
     830:	21 f4       	brne	.+8      	; 0x83a <__pack_f+0x40>
     832:	ee 24       	eor	r14, r14
     834:	ff 24       	eor	r15, r15
     836:	87 01       	movw	r16, r14
     838:	05 c0       	rjmp	.+10     	; 0x844 <__pack_f+0x4a>
     83a:	e1 14       	cp	r14, r1
     83c:	f1 04       	cpc	r15, r1
     83e:	01 05       	cpc	r16, r1
     840:	11 05       	cpc	r17, r1
     842:	19 f4       	brne	.+6      	; 0x84a <__pack_f+0x50>
     844:	e0 e0       	ldi	r30, 0x00	; 0
     846:	f0 e0       	ldi	r31, 0x00	; 0
     848:	96 c0       	rjmp	.+300    	; 0x976 <__stack+0x117>
     84a:	62 81       	ldd	r22, Z+2	; 0x02
     84c:	73 81       	ldd	r23, Z+3	; 0x03
     84e:	9f ef       	ldi	r25, 0xFF	; 255
     850:	62 38       	cpi	r22, 0x82	; 130
     852:	79 07       	cpc	r23, r25
     854:	0c f0       	brlt	.+2      	; 0x858 <__pack_f+0x5e>
     856:	5b c0       	rjmp	.+182    	; 0x90e <__stack+0xaf>
     858:	22 e8       	ldi	r18, 0x82	; 130
     85a:	3f ef       	ldi	r19, 0xFF	; 255
     85c:	26 1b       	sub	r18, r22
     85e:	37 0b       	sbc	r19, r23
     860:	2a 31       	cpi	r18, 0x1A	; 26
     862:	31 05       	cpc	r19, r1
     864:	2c f0       	brlt	.+10     	; 0x870 <__stack+0x11>
     866:	20 e0       	ldi	r18, 0x00	; 0
     868:	30 e0       	ldi	r19, 0x00	; 0
     86a:	40 e0       	ldi	r20, 0x00	; 0
     86c:	50 e0       	ldi	r21, 0x00	; 0
     86e:	2a c0       	rjmp	.+84     	; 0x8c4 <__stack+0x65>
     870:	b8 01       	movw	r22, r16
     872:	a7 01       	movw	r20, r14
     874:	02 2e       	mov	r0, r18
     876:	04 c0       	rjmp	.+8      	; 0x880 <__stack+0x21>
     878:	76 95       	lsr	r23
     87a:	67 95       	ror	r22
     87c:	57 95       	ror	r21
     87e:	47 95       	ror	r20
     880:	0a 94       	dec	r0
     882:	d2 f7       	brpl	.-12     	; 0x878 <__stack+0x19>
     884:	81 e0       	ldi	r24, 0x01	; 1
     886:	90 e0       	ldi	r25, 0x00	; 0
     888:	a0 e0       	ldi	r26, 0x00	; 0
     88a:	b0 e0       	ldi	r27, 0x00	; 0
     88c:	04 c0       	rjmp	.+8      	; 0x896 <__stack+0x37>
     88e:	88 0f       	add	r24, r24
     890:	99 1f       	adc	r25, r25
     892:	aa 1f       	adc	r26, r26
     894:	bb 1f       	adc	r27, r27
     896:	2a 95       	dec	r18
     898:	d2 f7       	brpl	.-12     	; 0x88e <__stack+0x2f>
     89a:	01 97       	sbiw	r24, 0x01	; 1
     89c:	a1 09       	sbc	r26, r1
     89e:	b1 09       	sbc	r27, r1
     8a0:	8e 21       	and	r24, r14
     8a2:	9f 21       	and	r25, r15
     8a4:	a0 23       	and	r26, r16
     8a6:	b1 23       	and	r27, r17
     8a8:	00 97       	sbiw	r24, 0x00	; 0
     8aa:	a1 05       	cpc	r26, r1
     8ac:	b1 05       	cpc	r27, r1
     8ae:	21 f0       	breq	.+8      	; 0x8b8 <__stack+0x59>
     8b0:	81 e0       	ldi	r24, 0x01	; 1
     8b2:	90 e0       	ldi	r25, 0x00	; 0
     8b4:	a0 e0       	ldi	r26, 0x00	; 0
     8b6:	b0 e0       	ldi	r27, 0x00	; 0
     8b8:	9a 01       	movw	r18, r20
     8ba:	ab 01       	movw	r20, r22
     8bc:	28 2b       	or	r18, r24
     8be:	39 2b       	or	r19, r25
     8c0:	4a 2b       	or	r20, r26
     8c2:	5b 2b       	or	r21, r27
     8c4:	da 01       	movw	r26, r20
     8c6:	c9 01       	movw	r24, r18
     8c8:	8f 77       	andi	r24, 0x7F	; 127
     8ca:	90 70       	andi	r25, 0x00	; 0
     8cc:	a0 70       	andi	r26, 0x00	; 0
     8ce:	b0 70       	andi	r27, 0x00	; 0
     8d0:	80 34       	cpi	r24, 0x40	; 64
     8d2:	91 05       	cpc	r25, r1
     8d4:	a1 05       	cpc	r26, r1
     8d6:	b1 05       	cpc	r27, r1
     8d8:	39 f4       	brne	.+14     	; 0x8e8 <__stack+0x89>
     8da:	27 ff       	sbrs	r18, 7
     8dc:	09 c0       	rjmp	.+18     	; 0x8f0 <__stack+0x91>
     8de:	20 5c       	subi	r18, 0xC0	; 192
     8e0:	3f 4f       	sbci	r19, 0xFF	; 255
     8e2:	4f 4f       	sbci	r20, 0xFF	; 255
     8e4:	5f 4f       	sbci	r21, 0xFF	; 255
     8e6:	04 c0       	rjmp	.+8      	; 0x8f0 <__stack+0x91>
     8e8:	21 5c       	subi	r18, 0xC1	; 193
     8ea:	3f 4f       	sbci	r19, 0xFF	; 255
     8ec:	4f 4f       	sbci	r20, 0xFF	; 255
     8ee:	5f 4f       	sbci	r21, 0xFF	; 255
     8f0:	e0 e0       	ldi	r30, 0x00	; 0
     8f2:	f0 e0       	ldi	r31, 0x00	; 0
     8f4:	20 30       	cpi	r18, 0x00	; 0
     8f6:	a0 e0       	ldi	r26, 0x00	; 0
     8f8:	3a 07       	cpc	r19, r26
     8fa:	a0 e0       	ldi	r26, 0x00	; 0
     8fc:	4a 07       	cpc	r20, r26
     8fe:	a0 e4       	ldi	r26, 0x40	; 64
     900:	5a 07       	cpc	r21, r26
     902:	10 f0       	brcs	.+4      	; 0x908 <__stack+0xa9>
     904:	e1 e0       	ldi	r30, 0x01	; 1
     906:	f0 e0       	ldi	r31, 0x00	; 0
     908:	79 01       	movw	r14, r18
     90a:	8a 01       	movw	r16, r20
     90c:	27 c0       	rjmp	.+78     	; 0x95c <__stack+0xfd>
     90e:	60 38       	cpi	r22, 0x80	; 128
     910:	71 05       	cpc	r23, r1
     912:	64 f5       	brge	.+88     	; 0x96c <__stack+0x10d>
     914:	fb 01       	movw	r30, r22
     916:	e1 58       	subi	r30, 0x81	; 129
     918:	ff 4f       	sbci	r31, 0xFF	; 255
     91a:	d8 01       	movw	r26, r16
     91c:	c7 01       	movw	r24, r14
     91e:	8f 77       	andi	r24, 0x7F	; 127
     920:	90 70       	andi	r25, 0x00	; 0
     922:	a0 70       	andi	r26, 0x00	; 0
     924:	b0 70       	andi	r27, 0x00	; 0
     926:	80 34       	cpi	r24, 0x40	; 64
     928:	91 05       	cpc	r25, r1
     92a:	a1 05       	cpc	r26, r1
     92c:	b1 05       	cpc	r27, r1
     92e:	39 f4       	brne	.+14     	; 0x93e <__stack+0xdf>
     930:	e7 fe       	sbrs	r14, 7
     932:	0d c0       	rjmp	.+26     	; 0x94e <__stack+0xef>
     934:	80 e4       	ldi	r24, 0x40	; 64
     936:	90 e0       	ldi	r25, 0x00	; 0
     938:	a0 e0       	ldi	r26, 0x00	; 0
     93a:	b0 e0       	ldi	r27, 0x00	; 0
     93c:	04 c0       	rjmp	.+8      	; 0x946 <__stack+0xe7>
     93e:	8f e3       	ldi	r24, 0x3F	; 63
     940:	90 e0       	ldi	r25, 0x00	; 0
     942:	a0 e0       	ldi	r26, 0x00	; 0
     944:	b0 e0       	ldi	r27, 0x00	; 0
     946:	e8 0e       	add	r14, r24
     948:	f9 1e       	adc	r15, r25
     94a:	0a 1f       	adc	r16, r26
     94c:	1b 1f       	adc	r17, r27
     94e:	17 ff       	sbrs	r17, 7
     950:	05 c0       	rjmp	.+10     	; 0x95c <__stack+0xfd>
     952:	16 95       	lsr	r17
     954:	07 95       	ror	r16
     956:	f7 94       	ror	r15
     958:	e7 94       	ror	r14
     95a:	31 96       	adiw	r30, 0x01	; 1
     95c:	87 e0       	ldi	r24, 0x07	; 7
     95e:	16 95       	lsr	r17
     960:	07 95       	ror	r16
     962:	f7 94       	ror	r15
     964:	e7 94       	ror	r14
     966:	8a 95       	dec	r24
     968:	d1 f7       	brne	.-12     	; 0x95e <__stack+0xff>
     96a:	05 c0       	rjmp	.+10     	; 0x976 <__stack+0x117>
     96c:	ee 24       	eor	r14, r14
     96e:	ff 24       	eor	r15, r15
     970:	87 01       	movw	r16, r14
     972:	ef ef       	ldi	r30, 0xFF	; 255
     974:	f0 e0       	ldi	r31, 0x00	; 0
     976:	6e 2f       	mov	r22, r30
     978:	67 95       	ror	r22
     97a:	66 27       	eor	r22, r22
     97c:	67 95       	ror	r22
     97e:	90 2f       	mov	r25, r16
     980:	9f 77       	andi	r25, 0x7F	; 127
     982:	d7 94       	ror	r13
     984:	dd 24       	eor	r13, r13
     986:	d7 94       	ror	r13
     988:	8e 2f       	mov	r24, r30
     98a:	86 95       	lsr	r24
     98c:	49 2f       	mov	r20, r25
     98e:	46 2b       	or	r20, r22
     990:	58 2f       	mov	r21, r24
     992:	5d 29       	or	r21, r13
     994:	b7 01       	movw	r22, r14
     996:	ca 01       	movw	r24, r20
     998:	1f 91       	pop	r17
     99a:	0f 91       	pop	r16
     99c:	ff 90       	pop	r15
     99e:	ef 90       	pop	r14
     9a0:	df 90       	pop	r13
     9a2:	08 95       	ret

000009a4 <__unpack_f>:
     9a4:	fc 01       	movw	r30, r24
     9a6:	db 01       	movw	r26, r22
     9a8:	40 81       	ld	r20, Z
     9aa:	51 81       	ldd	r21, Z+1	; 0x01
     9ac:	22 81       	ldd	r18, Z+2	; 0x02
     9ae:	62 2f       	mov	r22, r18
     9b0:	6f 77       	andi	r22, 0x7F	; 127
     9b2:	70 e0       	ldi	r23, 0x00	; 0
     9b4:	22 1f       	adc	r18, r18
     9b6:	22 27       	eor	r18, r18
     9b8:	22 1f       	adc	r18, r18
     9ba:	93 81       	ldd	r25, Z+3	; 0x03
     9bc:	89 2f       	mov	r24, r25
     9be:	88 0f       	add	r24, r24
     9c0:	82 2b       	or	r24, r18
     9c2:	28 2f       	mov	r18, r24
     9c4:	30 e0       	ldi	r19, 0x00	; 0
     9c6:	99 1f       	adc	r25, r25
     9c8:	99 27       	eor	r25, r25
     9ca:	99 1f       	adc	r25, r25
     9cc:	11 96       	adiw	r26, 0x01	; 1
     9ce:	9c 93       	st	X, r25
     9d0:	11 97       	sbiw	r26, 0x01	; 1
     9d2:	21 15       	cp	r18, r1
     9d4:	31 05       	cpc	r19, r1
     9d6:	a9 f5       	brne	.+106    	; 0xa42 <__unpack_f+0x9e>
     9d8:	41 15       	cp	r20, r1
     9da:	51 05       	cpc	r21, r1
     9dc:	61 05       	cpc	r22, r1
     9de:	71 05       	cpc	r23, r1
     9e0:	11 f4       	brne	.+4      	; 0x9e6 <__unpack_f+0x42>
     9e2:	82 e0       	ldi	r24, 0x02	; 2
     9e4:	37 c0       	rjmp	.+110    	; 0xa54 <__unpack_f+0xb0>
     9e6:	82 e8       	ldi	r24, 0x82	; 130
     9e8:	9f ef       	ldi	r25, 0xFF	; 255
     9ea:	13 96       	adiw	r26, 0x03	; 3
     9ec:	9c 93       	st	X, r25
     9ee:	8e 93       	st	-X, r24
     9f0:	12 97       	sbiw	r26, 0x02	; 2
     9f2:	9a 01       	movw	r18, r20
     9f4:	ab 01       	movw	r20, r22
     9f6:	67 e0       	ldi	r22, 0x07	; 7
     9f8:	22 0f       	add	r18, r18
     9fa:	33 1f       	adc	r19, r19
     9fc:	44 1f       	adc	r20, r20
     9fe:	55 1f       	adc	r21, r21
     a00:	6a 95       	dec	r22
     a02:	d1 f7       	brne	.-12     	; 0x9f8 <__unpack_f+0x54>
     a04:	83 e0       	ldi	r24, 0x03	; 3
     a06:	8c 93       	st	X, r24
     a08:	0d c0       	rjmp	.+26     	; 0xa24 <__unpack_f+0x80>
     a0a:	22 0f       	add	r18, r18
     a0c:	33 1f       	adc	r19, r19
     a0e:	44 1f       	adc	r20, r20
     a10:	55 1f       	adc	r21, r21
     a12:	12 96       	adiw	r26, 0x02	; 2
     a14:	8d 91       	ld	r24, X+
     a16:	9c 91       	ld	r25, X
     a18:	13 97       	sbiw	r26, 0x03	; 3
     a1a:	01 97       	sbiw	r24, 0x01	; 1
     a1c:	13 96       	adiw	r26, 0x03	; 3
     a1e:	9c 93       	st	X, r25
     a20:	8e 93       	st	-X, r24
     a22:	12 97       	sbiw	r26, 0x02	; 2
     a24:	20 30       	cpi	r18, 0x00	; 0
     a26:	80 e0       	ldi	r24, 0x00	; 0
     a28:	38 07       	cpc	r19, r24
     a2a:	80 e0       	ldi	r24, 0x00	; 0
     a2c:	48 07       	cpc	r20, r24
     a2e:	80 e4       	ldi	r24, 0x40	; 64
     a30:	58 07       	cpc	r21, r24
     a32:	58 f3       	brcs	.-42     	; 0xa0a <__unpack_f+0x66>
     a34:	14 96       	adiw	r26, 0x04	; 4
     a36:	2d 93       	st	X+, r18
     a38:	3d 93       	st	X+, r19
     a3a:	4d 93       	st	X+, r20
     a3c:	5c 93       	st	X, r21
     a3e:	17 97       	sbiw	r26, 0x07	; 7
     a40:	08 95       	ret
     a42:	2f 3f       	cpi	r18, 0xFF	; 255
     a44:	31 05       	cpc	r19, r1
     a46:	79 f4       	brne	.+30     	; 0xa66 <__unpack_f+0xc2>
     a48:	41 15       	cp	r20, r1
     a4a:	51 05       	cpc	r21, r1
     a4c:	61 05       	cpc	r22, r1
     a4e:	71 05       	cpc	r23, r1
     a50:	19 f4       	brne	.+6      	; 0xa58 <__unpack_f+0xb4>
     a52:	84 e0       	ldi	r24, 0x04	; 4
     a54:	8c 93       	st	X, r24
     a56:	08 95       	ret
     a58:	64 ff       	sbrs	r22, 4
     a5a:	03 c0       	rjmp	.+6      	; 0xa62 <__unpack_f+0xbe>
     a5c:	81 e0       	ldi	r24, 0x01	; 1
     a5e:	8c 93       	st	X, r24
     a60:	12 c0       	rjmp	.+36     	; 0xa86 <__unpack_f+0xe2>
     a62:	1c 92       	st	X, r1
     a64:	10 c0       	rjmp	.+32     	; 0xa86 <__unpack_f+0xe2>
     a66:	2f 57       	subi	r18, 0x7F	; 127
     a68:	30 40       	sbci	r19, 0x00	; 0
     a6a:	13 96       	adiw	r26, 0x03	; 3
     a6c:	3c 93       	st	X, r19
     a6e:	2e 93       	st	-X, r18
     a70:	12 97       	sbiw	r26, 0x02	; 2
     a72:	83 e0       	ldi	r24, 0x03	; 3
     a74:	8c 93       	st	X, r24
     a76:	87 e0       	ldi	r24, 0x07	; 7
     a78:	44 0f       	add	r20, r20
     a7a:	55 1f       	adc	r21, r21
     a7c:	66 1f       	adc	r22, r22
     a7e:	77 1f       	adc	r23, r23
     a80:	8a 95       	dec	r24
     a82:	d1 f7       	brne	.-12     	; 0xa78 <__unpack_f+0xd4>
     a84:	70 64       	ori	r23, 0x40	; 64
     a86:	14 96       	adiw	r26, 0x04	; 4
     a88:	4d 93       	st	X+, r20
     a8a:	5d 93       	st	X+, r21
     a8c:	6d 93       	st	X+, r22
     a8e:	7c 93       	st	X, r23
     a90:	17 97       	sbiw	r26, 0x07	; 7
     a92:	08 95       	ret

00000a94 <__fpcmp_parts_f>:
     a94:	1f 93       	push	r17
     a96:	dc 01       	movw	r26, r24
     a98:	fb 01       	movw	r30, r22
     a9a:	9c 91       	ld	r25, X
     a9c:	92 30       	cpi	r25, 0x02	; 2
     a9e:	08 f4       	brcc	.+2      	; 0xaa2 <__fpcmp_parts_f+0xe>
     aa0:	47 c0       	rjmp	.+142    	; 0xb30 <__fpcmp_parts_f+0x9c>
     aa2:	80 81       	ld	r24, Z
     aa4:	82 30       	cpi	r24, 0x02	; 2
     aa6:	08 f4       	brcc	.+2      	; 0xaaa <__fpcmp_parts_f+0x16>
     aa8:	43 c0       	rjmp	.+134    	; 0xb30 <__fpcmp_parts_f+0x9c>
     aaa:	94 30       	cpi	r25, 0x04	; 4
     aac:	51 f4       	brne	.+20     	; 0xac2 <__fpcmp_parts_f+0x2e>
     aae:	11 96       	adiw	r26, 0x01	; 1
     ab0:	1c 91       	ld	r17, X
     ab2:	84 30       	cpi	r24, 0x04	; 4
     ab4:	99 f5       	brne	.+102    	; 0xb1c <__fpcmp_parts_f+0x88>
     ab6:	81 81       	ldd	r24, Z+1	; 0x01
     ab8:	68 2f       	mov	r22, r24
     aba:	70 e0       	ldi	r23, 0x00	; 0
     abc:	61 1b       	sub	r22, r17
     abe:	71 09       	sbc	r23, r1
     ac0:	3f c0       	rjmp	.+126    	; 0xb40 <__fpcmp_parts_f+0xac>
     ac2:	84 30       	cpi	r24, 0x04	; 4
     ac4:	21 f0       	breq	.+8      	; 0xace <__fpcmp_parts_f+0x3a>
     ac6:	92 30       	cpi	r25, 0x02	; 2
     ac8:	31 f4       	brne	.+12     	; 0xad6 <__fpcmp_parts_f+0x42>
     aca:	82 30       	cpi	r24, 0x02	; 2
     acc:	b9 f1       	breq	.+110    	; 0xb3c <__fpcmp_parts_f+0xa8>
     ace:	81 81       	ldd	r24, Z+1	; 0x01
     ad0:	88 23       	and	r24, r24
     ad2:	89 f1       	breq	.+98     	; 0xb36 <__fpcmp_parts_f+0xa2>
     ad4:	2d c0       	rjmp	.+90     	; 0xb30 <__fpcmp_parts_f+0x9c>
     ad6:	11 96       	adiw	r26, 0x01	; 1
     ad8:	1c 91       	ld	r17, X
     ada:	11 97       	sbiw	r26, 0x01	; 1
     adc:	82 30       	cpi	r24, 0x02	; 2
     ade:	f1 f0       	breq	.+60     	; 0xb1c <__fpcmp_parts_f+0x88>
     ae0:	81 81       	ldd	r24, Z+1	; 0x01
     ae2:	18 17       	cp	r17, r24
     ae4:	d9 f4       	brne	.+54     	; 0xb1c <__fpcmp_parts_f+0x88>
     ae6:	12 96       	adiw	r26, 0x02	; 2
     ae8:	2d 91       	ld	r18, X+
     aea:	3c 91       	ld	r19, X
     aec:	13 97       	sbiw	r26, 0x03	; 3
     aee:	82 81       	ldd	r24, Z+2	; 0x02
     af0:	93 81       	ldd	r25, Z+3	; 0x03
     af2:	82 17       	cp	r24, r18
     af4:	93 07       	cpc	r25, r19
     af6:	94 f0       	brlt	.+36     	; 0xb1c <__fpcmp_parts_f+0x88>
     af8:	28 17       	cp	r18, r24
     afa:	39 07       	cpc	r19, r25
     afc:	bc f0       	brlt	.+46     	; 0xb2c <__fpcmp_parts_f+0x98>
     afe:	14 96       	adiw	r26, 0x04	; 4
     b00:	8d 91       	ld	r24, X+
     b02:	9d 91       	ld	r25, X+
     b04:	0d 90       	ld	r0, X+
     b06:	bc 91       	ld	r27, X
     b08:	a0 2d       	mov	r26, r0
     b0a:	24 81       	ldd	r18, Z+4	; 0x04
     b0c:	35 81       	ldd	r19, Z+5	; 0x05
     b0e:	46 81       	ldd	r20, Z+6	; 0x06
     b10:	57 81       	ldd	r21, Z+7	; 0x07
     b12:	28 17       	cp	r18, r24
     b14:	39 07       	cpc	r19, r25
     b16:	4a 07       	cpc	r20, r26
     b18:	5b 07       	cpc	r21, r27
     b1a:	18 f4       	brcc	.+6      	; 0xb22 <__fpcmp_parts_f+0x8e>
     b1c:	11 23       	and	r17, r17
     b1e:	41 f0       	breq	.+16     	; 0xb30 <__fpcmp_parts_f+0x9c>
     b20:	0a c0       	rjmp	.+20     	; 0xb36 <__fpcmp_parts_f+0xa2>
     b22:	82 17       	cp	r24, r18
     b24:	93 07       	cpc	r25, r19
     b26:	a4 07       	cpc	r26, r20
     b28:	b5 07       	cpc	r27, r21
     b2a:	40 f4       	brcc	.+16     	; 0xb3c <__fpcmp_parts_f+0xa8>
     b2c:	11 23       	and	r17, r17
     b2e:	19 f0       	breq	.+6      	; 0xb36 <__fpcmp_parts_f+0xa2>
     b30:	61 e0       	ldi	r22, 0x01	; 1
     b32:	70 e0       	ldi	r23, 0x00	; 0
     b34:	05 c0       	rjmp	.+10     	; 0xb40 <__fpcmp_parts_f+0xac>
     b36:	6f ef       	ldi	r22, 0xFF	; 255
     b38:	7f ef       	ldi	r23, 0xFF	; 255
     b3a:	02 c0       	rjmp	.+4      	; 0xb40 <__fpcmp_parts_f+0xac>
     b3c:	60 e0       	ldi	r22, 0x00	; 0
     b3e:	70 e0       	ldi	r23, 0x00	; 0
     b40:	cb 01       	movw	r24, r22
     b42:	1f 91       	pop	r17
     b44:	08 95       	ret

00000b46 <DIO_u8SetPinMode>:
#include"../../LIB/BIT_MATH.h"
#include"DIO_Private.h"
#include"DIO_Interface.h"

uint8_t DIO_u8SetPinMode(uint8_t port_id,uint8_t pin_no,uint8_t mode)
{
     b46:	df 93       	push	r29
     b48:	cf 93       	push	r28
     b4a:	00 d0       	rcall	.+0      	; 0xb4c <DIO_u8SetPinMode+0x6>
     b4c:	00 d0       	rcall	.+0      	; 0xb4e <DIO_u8SetPinMode+0x8>
     b4e:	00 d0       	rcall	.+0      	; 0xb50 <DIO_u8SetPinMode+0xa>
     b50:	cd b7       	in	r28, 0x3d	; 61
     b52:	de b7       	in	r29, 0x3e	; 62
     b54:	8a 83       	std	Y+2, r24	; 0x02
     b56:	6b 83       	std	Y+3, r22	; 0x03
     b58:	4c 83       	std	Y+4, r20	; 0x04
	uint8_t error_status = E_OK;
     b5a:	19 82       	std	Y+1, r1	; 0x01
		switch(port_id)
     b5c:	8a 81       	ldd	r24, Y+2	; 0x02
     b5e:	28 2f       	mov	r18, r24
     b60:	30 e0       	ldi	r19, 0x00	; 0
     b62:	3e 83       	std	Y+6, r19	; 0x06
     b64:	2d 83       	std	Y+5, r18	; 0x05
     b66:	8d 81       	ldd	r24, Y+5	; 0x05
     b68:	9e 81       	ldd	r25, Y+6	; 0x06
     b6a:	81 30       	cpi	r24, 0x01	; 1
     b6c:	91 05       	cpc	r25, r1
     b6e:	09 f4       	brne	.+2      	; 0xb72 <DIO_u8SetPinMode+0x2c>
     b70:	49 c0       	rjmp	.+146    	; 0xc04 <DIO_u8SetPinMode+0xbe>
     b72:	2d 81       	ldd	r18, Y+5	; 0x05
     b74:	3e 81       	ldd	r19, Y+6	; 0x06
     b76:	22 30       	cpi	r18, 0x02	; 2
     b78:	31 05       	cpc	r19, r1
     b7a:	2c f4       	brge	.+10     	; 0xb86 <DIO_u8SetPinMode+0x40>
     b7c:	8d 81       	ldd	r24, Y+5	; 0x05
     b7e:	9e 81       	ldd	r25, Y+6	; 0x06
     b80:	00 97       	sbiw	r24, 0x00	; 0
     b82:	71 f0       	breq	.+28     	; 0xba0 <DIO_u8SetPinMode+0x5a>
     b84:	d5 c0       	rjmp	.+426    	; 0xd30 <DIO_u8SetPinMode+0x1ea>
     b86:	2d 81       	ldd	r18, Y+5	; 0x05
     b88:	3e 81       	ldd	r19, Y+6	; 0x06
     b8a:	22 30       	cpi	r18, 0x02	; 2
     b8c:	31 05       	cpc	r19, r1
     b8e:	09 f4       	brne	.+2      	; 0xb92 <DIO_u8SetPinMode+0x4c>
     b90:	6b c0       	rjmp	.+214    	; 0xc68 <DIO_u8SetPinMode+0x122>
     b92:	8d 81       	ldd	r24, Y+5	; 0x05
     b94:	9e 81       	ldd	r25, Y+6	; 0x06
     b96:	83 30       	cpi	r24, 0x03	; 3
     b98:	91 05       	cpc	r25, r1
     b9a:	09 f4       	brne	.+2      	; 0xb9e <DIO_u8SetPinMode+0x58>
     b9c:	97 c0       	rjmp	.+302    	; 0xccc <DIO_u8SetPinMode+0x186>
     b9e:	c8 c0       	rjmp	.+400    	; 0xd30 <DIO_u8SetPinMode+0x1ea>
		{
		case PORT_A:
			if(mode==INPUT)CLR_BIT(DDRA_REG,pin_no);
     ba0:	8c 81       	ldd	r24, Y+4	; 0x04
     ba2:	88 23       	and	r24, r24
     ba4:	a9 f4       	brne	.+42     	; 0xbd0 <DIO_u8SetPinMode+0x8a>
     ba6:	aa e3       	ldi	r26, 0x3A	; 58
     ba8:	b0 e0       	ldi	r27, 0x00	; 0
     baa:	ea e3       	ldi	r30, 0x3A	; 58
     bac:	f0 e0       	ldi	r31, 0x00	; 0
     bae:	80 81       	ld	r24, Z
     bb0:	48 2f       	mov	r20, r24
     bb2:	8b 81       	ldd	r24, Y+3	; 0x03
     bb4:	28 2f       	mov	r18, r24
     bb6:	30 e0       	ldi	r19, 0x00	; 0
     bb8:	81 e0       	ldi	r24, 0x01	; 1
     bba:	90 e0       	ldi	r25, 0x00	; 0
     bbc:	02 2e       	mov	r0, r18
     bbe:	02 c0       	rjmp	.+4      	; 0xbc4 <DIO_u8SetPinMode+0x7e>
     bc0:	88 0f       	add	r24, r24
     bc2:	99 1f       	adc	r25, r25
     bc4:	0a 94       	dec	r0
     bc6:	e2 f7       	brpl	.-8      	; 0xbc0 <DIO_u8SetPinMode+0x7a>
     bc8:	80 95       	com	r24
     bca:	84 23       	and	r24, r20
     bcc:	8c 93       	st	X, r24
     bce:	b2 c0       	rjmp	.+356    	; 0xd34 <DIO_u8SetPinMode+0x1ee>
			else if(mode==OUTPUT)SET_BIT(DDRA_REG,pin_no);
     bd0:	8c 81       	ldd	r24, Y+4	; 0x04
     bd2:	81 30       	cpi	r24, 0x01	; 1
     bd4:	a1 f4       	brne	.+40     	; 0xbfe <DIO_u8SetPinMode+0xb8>
     bd6:	aa e3       	ldi	r26, 0x3A	; 58
     bd8:	b0 e0       	ldi	r27, 0x00	; 0
     bda:	ea e3       	ldi	r30, 0x3A	; 58
     bdc:	f0 e0       	ldi	r31, 0x00	; 0
     bde:	80 81       	ld	r24, Z
     be0:	48 2f       	mov	r20, r24
     be2:	8b 81       	ldd	r24, Y+3	; 0x03
     be4:	28 2f       	mov	r18, r24
     be6:	30 e0       	ldi	r19, 0x00	; 0
     be8:	81 e0       	ldi	r24, 0x01	; 1
     bea:	90 e0       	ldi	r25, 0x00	; 0
     bec:	02 2e       	mov	r0, r18
     bee:	02 c0       	rjmp	.+4      	; 0xbf4 <DIO_u8SetPinMode+0xae>
     bf0:	88 0f       	add	r24, r24
     bf2:	99 1f       	adc	r25, r25
     bf4:	0a 94       	dec	r0
     bf6:	e2 f7       	brpl	.-8      	; 0xbf0 <DIO_u8SetPinMode+0xaa>
     bf8:	84 2b       	or	r24, r20
     bfa:	8c 93       	st	X, r24
     bfc:	9b c0       	rjmp	.+310    	; 0xd34 <DIO_u8SetPinMode+0x1ee>
			else error_status = E_NOK;
     bfe:	81 e0       	ldi	r24, 0x01	; 1
     c00:	89 83       	std	Y+1, r24	; 0x01
     c02:	98 c0       	rjmp	.+304    	; 0xd34 <DIO_u8SetPinMode+0x1ee>
		break;
		case PORT_B:
			if(mode==INPUT)CLR_BIT(DDRB_REG,pin_no);
     c04:	8c 81       	ldd	r24, Y+4	; 0x04
     c06:	88 23       	and	r24, r24
     c08:	a9 f4       	brne	.+42     	; 0xc34 <DIO_u8SetPinMode+0xee>
     c0a:	a7 e3       	ldi	r26, 0x37	; 55
     c0c:	b0 e0       	ldi	r27, 0x00	; 0
     c0e:	e7 e3       	ldi	r30, 0x37	; 55
     c10:	f0 e0       	ldi	r31, 0x00	; 0
     c12:	80 81       	ld	r24, Z
     c14:	48 2f       	mov	r20, r24
     c16:	8b 81       	ldd	r24, Y+3	; 0x03
     c18:	28 2f       	mov	r18, r24
     c1a:	30 e0       	ldi	r19, 0x00	; 0
     c1c:	81 e0       	ldi	r24, 0x01	; 1
     c1e:	90 e0       	ldi	r25, 0x00	; 0
     c20:	02 2e       	mov	r0, r18
     c22:	02 c0       	rjmp	.+4      	; 0xc28 <DIO_u8SetPinMode+0xe2>
     c24:	88 0f       	add	r24, r24
     c26:	99 1f       	adc	r25, r25
     c28:	0a 94       	dec	r0
     c2a:	e2 f7       	brpl	.-8      	; 0xc24 <DIO_u8SetPinMode+0xde>
     c2c:	80 95       	com	r24
     c2e:	84 23       	and	r24, r20
     c30:	8c 93       	st	X, r24
     c32:	80 c0       	rjmp	.+256    	; 0xd34 <DIO_u8SetPinMode+0x1ee>
			else if(mode==OUTPUT)SET_BIT(DDRB_REG,pin_no);
     c34:	8c 81       	ldd	r24, Y+4	; 0x04
     c36:	81 30       	cpi	r24, 0x01	; 1
     c38:	a1 f4       	brne	.+40     	; 0xc62 <DIO_u8SetPinMode+0x11c>
     c3a:	a7 e3       	ldi	r26, 0x37	; 55
     c3c:	b0 e0       	ldi	r27, 0x00	; 0
     c3e:	e7 e3       	ldi	r30, 0x37	; 55
     c40:	f0 e0       	ldi	r31, 0x00	; 0
     c42:	80 81       	ld	r24, Z
     c44:	48 2f       	mov	r20, r24
     c46:	8b 81       	ldd	r24, Y+3	; 0x03
     c48:	28 2f       	mov	r18, r24
     c4a:	30 e0       	ldi	r19, 0x00	; 0
     c4c:	81 e0       	ldi	r24, 0x01	; 1
     c4e:	90 e0       	ldi	r25, 0x00	; 0
     c50:	02 2e       	mov	r0, r18
     c52:	02 c0       	rjmp	.+4      	; 0xc58 <DIO_u8SetPinMode+0x112>
     c54:	88 0f       	add	r24, r24
     c56:	99 1f       	adc	r25, r25
     c58:	0a 94       	dec	r0
     c5a:	e2 f7       	brpl	.-8      	; 0xc54 <DIO_u8SetPinMode+0x10e>
     c5c:	84 2b       	or	r24, r20
     c5e:	8c 93       	st	X, r24
     c60:	69 c0       	rjmp	.+210    	; 0xd34 <DIO_u8SetPinMode+0x1ee>
			else error_status = E_NOK;
     c62:	81 e0       	ldi	r24, 0x01	; 1
     c64:	89 83       	std	Y+1, r24	; 0x01
     c66:	66 c0       	rjmp	.+204    	; 0xd34 <DIO_u8SetPinMode+0x1ee>
		break;
		case PORT_C:
			if(mode==INPUT)CLR_BIT(DDRC_REG,pin_no);
     c68:	8c 81       	ldd	r24, Y+4	; 0x04
     c6a:	88 23       	and	r24, r24
     c6c:	a9 f4       	brne	.+42     	; 0xc98 <DIO_u8SetPinMode+0x152>
     c6e:	a4 e3       	ldi	r26, 0x34	; 52
     c70:	b0 e0       	ldi	r27, 0x00	; 0
     c72:	e4 e3       	ldi	r30, 0x34	; 52
     c74:	f0 e0       	ldi	r31, 0x00	; 0
     c76:	80 81       	ld	r24, Z
     c78:	48 2f       	mov	r20, r24
     c7a:	8b 81       	ldd	r24, Y+3	; 0x03
     c7c:	28 2f       	mov	r18, r24
     c7e:	30 e0       	ldi	r19, 0x00	; 0
     c80:	81 e0       	ldi	r24, 0x01	; 1
     c82:	90 e0       	ldi	r25, 0x00	; 0
     c84:	02 2e       	mov	r0, r18
     c86:	02 c0       	rjmp	.+4      	; 0xc8c <DIO_u8SetPinMode+0x146>
     c88:	88 0f       	add	r24, r24
     c8a:	99 1f       	adc	r25, r25
     c8c:	0a 94       	dec	r0
     c8e:	e2 f7       	brpl	.-8      	; 0xc88 <DIO_u8SetPinMode+0x142>
     c90:	80 95       	com	r24
     c92:	84 23       	and	r24, r20
     c94:	8c 93       	st	X, r24
     c96:	4e c0       	rjmp	.+156    	; 0xd34 <DIO_u8SetPinMode+0x1ee>
			else if(mode==OUTPUT)SET_BIT(DDRC_REG,pin_no);
     c98:	8c 81       	ldd	r24, Y+4	; 0x04
     c9a:	81 30       	cpi	r24, 0x01	; 1
     c9c:	a1 f4       	brne	.+40     	; 0xcc6 <DIO_u8SetPinMode+0x180>
     c9e:	a4 e3       	ldi	r26, 0x34	; 52
     ca0:	b0 e0       	ldi	r27, 0x00	; 0
     ca2:	e4 e3       	ldi	r30, 0x34	; 52
     ca4:	f0 e0       	ldi	r31, 0x00	; 0
     ca6:	80 81       	ld	r24, Z
     ca8:	48 2f       	mov	r20, r24
     caa:	8b 81       	ldd	r24, Y+3	; 0x03
     cac:	28 2f       	mov	r18, r24
     cae:	30 e0       	ldi	r19, 0x00	; 0
     cb0:	81 e0       	ldi	r24, 0x01	; 1
     cb2:	90 e0       	ldi	r25, 0x00	; 0
     cb4:	02 2e       	mov	r0, r18
     cb6:	02 c0       	rjmp	.+4      	; 0xcbc <DIO_u8SetPinMode+0x176>
     cb8:	88 0f       	add	r24, r24
     cba:	99 1f       	adc	r25, r25
     cbc:	0a 94       	dec	r0
     cbe:	e2 f7       	brpl	.-8      	; 0xcb8 <DIO_u8SetPinMode+0x172>
     cc0:	84 2b       	or	r24, r20
     cc2:	8c 93       	st	X, r24
     cc4:	37 c0       	rjmp	.+110    	; 0xd34 <DIO_u8SetPinMode+0x1ee>
			else error_status = E_NOK;
     cc6:	81 e0       	ldi	r24, 0x01	; 1
     cc8:	89 83       	std	Y+1, r24	; 0x01
     cca:	34 c0       	rjmp	.+104    	; 0xd34 <DIO_u8SetPinMode+0x1ee>
		break;
		case PORT_D:
			if(mode==INPUT)CLR_BIT(DDRD_REG,pin_no);
     ccc:	8c 81       	ldd	r24, Y+4	; 0x04
     cce:	88 23       	and	r24, r24
     cd0:	a9 f4       	brne	.+42     	; 0xcfc <DIO_u8SetPinMode+0x1b6>
     cd2:	a1 e3       	ldi	r26, 0x31	; 49
     cd4:	b0 e0       	ldi	r27, 0x00	; 0
     cd6:	e1 e3       	ldi	r30, 0x31	; 49
     cd8:	f0 e0       	ldi	r31, 0x00	; 0
     cda:	80 81       	ld	r24, Z
     cdc:	48 2f       	mov	r20, r24
     cde:	8b 81       	ldd	r24, Y+3	; 0x03
     ce0:	28 2f       	mov	r18, r24
     ce2:	30 e0       	ldi	r19, 0x00	; 0
     ce4:	81 e0       	ldi	r24, 0x01	; 1
     ce6:	90 e0       	ldi	r25, 0x00	; 0
     ce8:	02 2e       	mov	r0, r18
     cea:	02 c0       	rjmp	.+4      	; 0xcf0 <DIO_u8SetPinMode+0x1aa>
     cec:	88 0f       	add	r24, r24
     cee:	99 1f       	adc	r25, r25
     cf0:	0a 94       	dec	r0
     cf2:	e2 f7       	brpl	.-8      	; 0xcec <DIO_u8SetPinMode+0x1a6>
     cf4:	80 95       	com	r24
     cf6:	84 23       	and	r24, r20
     cf8:	8c 93       	st	X, r24
     cfa:	1c c0       	rjmp	.+56     	; 0xd34 <DIO_u8SetPinMode+0x1ee>
			else if(mode==OUTPUT)SET_BIT(DDRD_REG,pin_no);
     cfc:	8c 81       	ldd	r24, Y+4	; 0x04
     cfe:	81 30       	cpi	r24, 0x01	; 1
     d00:	a1 f4       	brne	.+40     	; 0xd2a <DIO_u8SetPinMode+0x1e4>
     d02:	a1 e3       	ldi	r26, 0x31	; 49
     d04:	b0 e0       	ldi	r27, 0x00	; 0
     d06:	e1 e3       	ldi	r30, 0x31	; 49
     d08:	f0 e0       	ldi	r31, 0x00	; 0
     d0a:	80 81       	ld	r24, Z
     d0c:	48 2f       	mov	r20, r24
     d0e:	8b 81       	ldd	r24, Y+3	; 0x03
     d10:	28 2f       	mov	r18, r24
     d12:	30 e0       	ldi	r19, 0x00	; 0
     d14:	81 e0       	ldi	r24, 0x01	; 1
     d16:	90 e0       	ldi	r25, 0x00	; 0
     d18:	02 2e       	mov	r0, r18
     d1a:	02 c0       	rjmp	.+4      	; 0xd20 <DIO_u8SetPinMode+0x1da>
     d1c:	88 0f       	add	r24, r24
     d1e:	99 1f       	adc	r25, r25
     d20:	0a 94       	dec	r0
     d22:	e2 f7       	brpl	.-8      	; 0xd1c <DIO_u8SetPinMode+0x1d6>
     d24:	84 2b       	or	r24, r20
     d26:	8c 93       	st	X, r24
     d28:	05 c0       	rjmp	.+10     	; 0xd34 <DIO_u8SetPinMode+0x1ee>
			else error_status = E_NOK;
     d2a:	81 e0       	ldi	r24, 0x01	; 1
     d2c:	89 83       	std	Y+1, r24	; 0x01
     d2e:	02 c0       	rjmp	.+4      	; 0xd34 <DIO_u8SetPinMode+0x1ee>
		break;
		default : error_status = E_NOK; break;
     d30:	81 e0       	ldi	r24, 0x01	; 1
     d32:	89 83       	std	Y+1, r24	; 0x01
		}
		return error_status;
     d34:	89 81       	ldd	r24, Y+1	; 0x01
}
     d36:	26 96       	adiw	r28, 0x06	; 6
     d38:	0f b6       	in	r0, 0x3f	; 63
     d3a:	f8 94       	cli
     d3c:	de bf       	out	0x3e, r29	; 62
     d3e:	0f be       	out	0x3f, r0	; 63
     d40:	cd bf       	out	0x3d, r28	; 61
     d42:	cf 91       	pop	r28
     d44:	df 91       	pop	r29
     d46:	08 95       	ret

00000d48 <DIO_u8SetPinValue>:
uint8_t DIO_u8SetPinValue(uint8_t port_id,uint8_t pin_no,uint8_t value)
{
     d48:	df 93       	push	r29
     d4a:	cf 93       	push	r28
     d4c:	00 d0       	rcall	.+0      	; 0xd4e <DIO_u8SetPinValue+0x6>
     d4e:	00 d0       	rcall	.+0      	; 0xd50 <DIO_u8SetPinValue+0x8>
     d50:	00 d0       	rcall	.+0      	; 0xd52 <DIO_u8SetPinValue+0xa>
     d52:	cd b7       	in	r28, 0x3d	; 61
     d54:	de b7       	in	r29, 0x3e	; 62
     d56:	8a 83       	std	Y+2, r24	; 0x02
     d58:	6b 83       	std	Y+3, r22	; 0x03
     d5a:	4c 83       	std	Y+4, r20	; 0x04
	uint8_t error_status = E_OK;
     d5c:	19 82       	std	Y+1, r1	; 0x01
		switch(port_id)
     d5e:	8a 81       	ldd	r24, Y+2	; 0x02
     d60:	28 2f       	mov	r18, r24
     d62:	30 e0       	ldi	r19, 0x00	; 0
     d64:	3e 83       	std	Y+6, r19	; 0x06
     d66:	2d 83       	std	Y+5, r18	; 0x05
     d68:	8d 81       	ldd	r24, Y+5	; 0x05
     d6a:	9e 81       	ldd	r25, Y+6	; 0x06
     d6c:	81 30       	cpi	r24, 0x01	; 1
     d6e:	91 05       	cpc	r25, r1
     d70:	09 f4       	brne	.+2      	; 0xd74 <DIO_u8SetPinValue+0x2c>
     d72:	49 c0       	rjmp	.+146    	; 0xe06 <DIO_u8SetPinValue+0xbe>
     d74:	2d 81       	ldd	r18, Y+5	; 0x05
     d76:	3e 81       	ldd	r19, Y+6	; 0x06
     d78:	22 30       	cpi	r18, 0x02	; 2
     d7a:	31 05       	cpc	r19, r1
     d7c:	2c f4       	brge	.+10     	; 0xd88 <DIO_u8SetPinValue+0x40>
     d7e:	8d 81       	ldd	r24, Y+5	; 0x05
     d80:	9e 81       	ldd	r25, Y+6	; 0x06
     d82:	00 97       	sbiw	r24, 0x00	; 0
     d84:	71 f0       	breq	.+28     	; 0xda2 <DIO_u8SetPinValue+0x5a>
     d86:	d5 c0       	rjmp	.+426    	; 0xf32 <DIO_u8SetPinValue+0x1ea>
     d88:	2d 81       	ldd	r18, Y+5	; 0x05
     d8a:	3e 81       	ldd	r19, Y+6	; 0x06
     d8c:	22 30       	cpi	r18, 0x02	; 2
     d8e:	31 05       	cpc	r19, r1
     d90:	09 f4       	brne	.+2      	; 0xd94 <DIO_u8SetPinValue+0x4c>
     d92:	6b c0       	rjmp	.+214    	; 0xe6a <DIO_u8SetPinValue+0x122>
     d94:	8d 81       	ldd	r24, Y+5	; 0x05
     d96:	9e 81       	ldd	r25, Y+6	; 0x06
     d98:	83 30       	cpi	r24, 0x03	; 3
     d9a:	91 05       	cpc	r25, r1
     d9c:	09 f4       	brne	.+2      	; 0xda0 <DIO_u8SetPinValue+0x58>
     d9e:	97 c0       	rjmp	.+302    	; 0xece <DIO_u8SetPinValue+0x186>
     da0:	c8 c0       	rjmp	.+400    	; 0xf32 <DIO_u8SetPinValue+0x1ea>
		{
		case PORT_A:
			if(value==LOW)CLR_BIT(PORTA_REG,pin_no);
     da2:	8c 81       	ldd	r24, Y+4	; 0x04
     da4:	88 23       	and	r24, r24
     da6:	a9 f4       	brne	.+42     	; 0xdd2 <DIO_u8SetPinValue+0x8a>
     da8:	ab e3       	ldi	r26, 0x3B	; 59
     daa:	b0 e0       	ldi	r27, 0x00	; 0
     dac:	eb e3       	ldi	r30, 0x3B	; 59
     dae:	f0 e0       	ldi	r31, 0x00	; 0
     db0:	80 81       	ld	r24, Z
     db2:	48 2f       	mov	r20, r24
     db4:	8b 81       	ldd	r24, Y+3	; 0x03
     db6:	28 2f       	mov	r18, r24
     db8:	30 e0       	ldi	r19, 0x00	; 0
     dba:	81 e0       	ldi	r24, 0x01	; 1
     dbc:	90 e0       	ldi	r25, 0x00	; 0
     dbe:	02 2e       	mov	r0, r18
     dc0:	02 c0       	rjmp	.+4      	; 0xdc6 <DIO_u8SetPinValue+0x7e>
     dc2:	88 0f       	add	r24, r24
     dc4:	99 1f       	adc	r25, r25
     dc6:	0a 94       	dec	r0
     dc8:	e2 f7       	brpl	.-8      	; 0xdc2 <DIO_u8SetPinValue+0x7a>
     dca:	80 95       	com	r24
     dcc:	84 23       	and	r24, r20
     dce:	8c 93       	st	X, r24
     dd0:	b2 c0       	rjmp	.+356    	; 0xf36 <DIO_u8SetPinValue+0x1ee>
			else if(value==HIGH)SET_BIT(PORTA_REG,pin_no);
     dd2:	8c 81       	ldd	r24, Y+4	; 0x04
     dd4:	81 30       	cpi	r24, 0x01	; 1
     dd6:	a1 f4       	brne	.+40     	; 0xe00 <DIO_u8SetPinValue+0xb8>
     dd8:	ab e3       	ldi	r26, 0x3B	; 59
     dda:	b0 e0       	ldi	r27, 0x00	; 0
     ddc:	eb e3       	ldi	r30, 0x3B	; 59
     dde:	f0 e0       	ldi	r31, 0x00	; 0
     de0:	80 81       	ld	r24, Z
     de2:	48 2f       	mov	r20, r24
     de4:	8b 81       	ldd	r24, Y+3	; 0x03
     de6:	28 2f       	mov	r18, r24
     de8:	30 e0       	ldi	r19, 0x00	; 0
     dea:	81 e0       	ldi	r24, 0x01	; 1
     dec:	90 e0       	ldi	r25, 0x00	; 0
     dee:	02 2e       	mov	r0, r18
     df0:	02 c0       	rjmp	.+4      	; 0xdf6 <DIO_u8SetPinValue+0xae>
     df2:	88 0f       	add	r24, r24
     df4:	99 1f       	adc	r25, r25
     df6:	0a 94       	dec	r0
     df8:	e2 f7       	brpl	.-8      	; 0xdf2 <DIO_u8SetPinValue+0xaa>
     dfa:	84 2b       	or	r24, r20
     dfc:	8c 93       	st	X, r24
     dfe:	9b c0       	rjmp	.+310    	; 0xf36 <DIO_u8SetPinValue+0x1ee>
			else error_status = E_NOK;
     e00:	81 e0       	ldi	r24, 0x01	; 1
     e02:	89 83       	std	Y+1, r24	; 0x01
     e04:	98 c0       	rjmp	.+304    	; 0xf36 <DIO_u8SetPinValue+0x1ee>
		break;
		case PORT_B:
			if(value==LOW)CLR_BIT(PORTB_REG,pin_no);
     e06:	8c 81       	ldd	r24, Y+4	; 0x04
     e08:	88 23       	and	r24, r24
     e0a:	a9 f4       	brne	.+42     	; 0xe36 <DIO_u8SetPinValue+0xee>
     e0c:	a8 e3       	ldi	r26, 0x38	; 56
     e0e:	b0 e0       	ldi	r27, 0x00	; 0
     e10:	e8 e3       	ldi	r30, 0x38	; 56
     e12:	f0 e0       	ldi	r31, 0x00	; 0
     e14:	80 81       	ld	r24, Z
     e16:	48 2f       	mov	r20, r24
     e18:	8b 81       	ldd	r24, Y+3	; 0x03
     e1a:	28 2f       	mov	r18, r24
     e1c:	30 e0       	ldi	r19, 0x00	; 0
     e1e:	81 e0       	ldi	r24, 0x01	; 1
     e20:	90 e0       	ldi	r25, 0x00	; 0
     e22:	02 2e       	mov	r0, r18
     e24:	02 c0       	rjmp	.+4      	; 0xe2a <DIO_u8SetPinValue+0xe2>
     e26:	88 0f       	add	r24, r24
     e28:	99 1f       	adc	r25, r25
     e2a:	0a 94       	dec	r0
     e2c:	e2 f7       	brpl	.-8      	; 0xe26 <DIO_u8SetPinValue+0xde>
     e2e:	80 95       	com	r24
     e30:	84 23       	and	r24, r20
     e32:	8c 93       	st	X, r24
     e34:	80 c0       	rjmp	.+256    	; 0xf36 <DIO_u8SetPinValue+0x1ee>
			else if(value==HIGH)SET_BIT(PORTB_REG,pin_no);
     e36:	8c 81       	ldd	r24, Y+4	; 0x04
     e38:	81 30       	cpi	r24, 0x01	; 1
     e3a:	a1 f4       	brne	.+40     	; 0xe64 <DIO_u8SetPinValue+0x11c>
     e3c:	a8 e3       	ldi	r26, 0x38	; 56
     e3e:	b0 e0       	ldi	r27, 0x00	; 0
     e40:	e8 e3       	ldi	r30, 0x38	; 56
     e42:	f0 e0       	ldi	r31, 0x00	; 0
     e44:	80 81       	ld	r24, Z
     e46:	48 2f       	mov	r20, r24
     e48:	8b 81       	ldd	r24, Y+3	; 0x03
     e4a:	28 2f       	mov	r18, r24
     e4c:	30 e0       	ldi	r19, 0x00	; 0
     e4e:	81 e0       	ldi	r24, 0x01	; 1
     e50:	90 e0       	ldi	r25, 0x00	; 0
     e52:	02 2e       	mov	r0, r18
     e54:	02 c0       	rjmp	.+4      	; 0xe5a <DIO_u8SetPinValue+0x112>
     e56:	88 0f       	add	r24, r24
     e58:	99 1f       	adc	r25, r25
     e5a:	0a 94       	dec	r0
     e5c:	e2 f7       	brpl	.-8      	; 0xe56 <DIO_u8SetPinValue+0x10e>
     e5e:	84 2b       	or	r24, r20
     e60:	8c 93       	st	X, r24
     e62:	69 c0       	rjmp	.+210    	; 0xf36 <DIO_u8SetPinValue+0x1ee>
			else error_status = E_NOK;
     e64:	81 e0       	ldi	r24, 0x01	; 1
     e66:	89 83       	std	Y+1, r24	; 0x01
     e68:	66 c0       	rjmp	.+204    	; 0xf36 <DIO_u8SetPinValue+0x1ee>
		break;
		case PORT_C:
			if(value==LOW)CLR_BIT(PORTC_REG,pin_no);
     e6a:	8c 81       	ldd	r24, Y+4	; 0x04
     e6c:	88 23       	and	r24, r24
     e6e:	a9 f4       	brne	.+42     	; 0xe9a <DIO_u8SetPinValue+0x152>
     e70:	a5 e3       	ldi	r26, 0x35	; 53
     e72:	b0 e0       	ldi	r27, 0x00	; 0
     e74:	e5 e3       	ldi	r30, 0x35	; 53
     e76:	f0 e0       	ldi	r31, 0x00	; 0
     e78:	80 81       	ld	r24, Z
     e7a:	48 2f       	mov	r20, r24
     e7c:	8b 81       	ldd	r24, Y+3	; 0x03
     e7e:	28 2f       	mov	r18, r24
     e80:	30 e0       	ldi	r19, 0x00	; 0
     e82:	81 e0       	ldi	r24, 0x01	; 1
     e84:	90 e0       	ldi	r25, 0x00	; 0
     e86:	02 2e       	mov	r0, r18
     e88:	02 c0       	rjmp	.+4      	; 0xe8e <DIO_u8SetPinValue+0x146>
     e8a:	88 0f       	add	r24, r24
     e8c:	99 1f       	adc	r25, r25
     e8e:	0a 94       	dec	r0
     e90:	e2 f7       	brpl	.-8      	; 0xe8a <DIO_u8SetPinValue+0x142>
     e92:	80 95       	com	r24
     e94:	84 23       	and	r24, r20
     e96:	8c 93       	st	X, r24
     e98:	4e c0       	rjmp	.+156    	; 0xf36 <DIO_u8SetPinValue+0x1ee>
			else if(value==HIGH)SET_BIT(PORTC_REG,pin_no);
     e9a:	8c 81       	ldd	r24, Y+4	; 0x04
     e9c:	81 30       	cpi	r24, 0x01	; 1
     e9e:	a1 f4       	brne	.+40     	; 0xec8 <DIO_u8SetPinValue+0x180>
     ea0:	a5 e3       	ldi	r26, 0x35	; 53
     ea2:	b0 e0       	ldi	r27, 0x00	; 0
     ea4:	e5 e3       	ldi	r30, 0x35	; 53
     ea6:	f0 e0       	ldi	r31, 0x00	; 0
     ea8:	80 81       	ld	r24, Z
     eaa:	48 2f       	mov	r20, r24
     eac:	8b 81       	ldd	r24, Y+3	; 0x03
     eae:	28 2f       	mov	r18, r24
     eb0:	30 e0       	ldi	r19, 0x00	; 0
     eb2:	81 e0       	ldi	r24, 0x01	; 1
     eb4:	90 e0       	ldi	r25, 0x00	; 0
     eb6:	02 2e       	mov	r0, r18
     eb8:	02 c0       	rjmp	.+4      	; 0xebe <DIO_u8SetPinValue+0x176>
     eba:	88 0f       	add	r24, r24
     ebc:	99 1f       	adc	r25, r25
     ebe:	0a 94       	dec	r0
     ec0:	e2 f7       	brpl	.-8      	; 0xeba <DIO_u8SetPinValue+0x172>
     ec2:	84 2b       	or	r24, r20
     ec4:	8c 93       	st	X, r24
     ec6:	37 c0       	rjmp	.+110    	; 0xf36 <DIO_u8SetPinValue+0x1ee>
			else error_status = E_NOK;
     ec8:	81 e0       	ldi	r24, 0x01	; 1
     eca:	89 83       	std	Y+1, r24	; 0x01
     ecc:	34 c0       	rjmp	.+104    	; 0xf36 <DIO_u8SetPinValue+0x1ee>
		break;
		case PORT_D:
			if(value==LOW)CLR_BIT(PORTD_REG,pin_no);
     ece:	8c 81       	ldd	r24, Y+4	; 0x04
     ed0:	88 23       	and	r24, r24
     ed2:	a9 f4       	brne	.+42     	; 0xefe <DIO_u8SetPinValue+0x1b6>
     ed4:	a2 e3       	ldi	r26, 0x32	; 50
     ed6:	b0 e0       	ldi	r27, 0x00	; 0
     ed8:	e2 e3       	ldi	r30, 0x32	; 50
     eda:	f0 e0       	ldi	r31, 0x00	; 0
     edc:	80 81       	ld	r24, Z
     ede:	48 2f       	mov	r20, r24
     ee0:	8b 81       	ldd	r24, Y+3	; 0x03
     ee2:	28 2f       	mov	r18, r24
     ee4:	30 e0       	ldi	r19, 0x00	; 0
     ee6:	81 e0       	ldi	r24, 0x01	; 1
     ee8:	90 e0       	ldi	r25, 0x00	; 0
     eea:	02 2e       	mov	r0, r18
     eec:	02 c0       	rjmp	.+4      	; 0xef2 <DIO_u8SetPinValue+0x1aa>
     eee:	88 0f       	add	r24, r24
     ef0:	99 1f       	adc	r25, r25
     ef2:	0a 94       	dec	r0
     ef4:	e2 f7       	brpl	.-8      	; 0xeee <DIO_u8SetPinValue+0x1a6>
     ef6:	80 95       	com	r24
     ef8:	84 23       	and	r24, r20
     efa:	8c 93       	st	X, r24
     efc:	1c c0       	rjmp	.+56     	; 0xf36 <DIO_u8SetPinValue+0x1ee>
			else if(value==HIGH)SET_BIT(PORTD_REG,pin_no);
     efe:	8c 81       	ldd	r24, Y+4	; 0x04
     f00:	81 30       	cpi	r24, 0x01	; 1
     f02:	a1 f4       	brne	.+40     	; 0xf2c <DIO_u8SetPinValue+0x1e4>
     f04:	a2 e3       	ldi	r26, 0x32	; 50
     f06:	b0 e0       	ldi	r27, 0x00	; 0
     f08:	e2 e3       	ldi	r30, 0x32	; 50
     f0a:	f0 e0       	ldi	r31, 0x00	; 0
     f0c:	80 81       	ld	r24, Z
     f0e:	48 2f       	mov	r20, r24
     f10:	8b 81       	ldd	r24, Y+3	; 0x03
     f12:	28 2f       	mov	r18, r24
     f14:	30 e0       	ldi	r19, 0x00	; 0
     f16:	81 e0       	ldi	r24, 0x01	; 1
     f18:	90 e0       	ldi	r25, 0x00	; 0
     f1a:	02 2e       	mov	r0, r18
     f1c:	02 c0       	rjmp	.+4      	; 0xf22 <DIO_u8SetPinValue+0x1da>
     f1e:	88 0f       	add	r24, r24
     f20:	99 1f       	adc	r25, r25
     f22:	0a 94       	dec	r0
     f24:	e2 f7       	brpl	.-8      	; 0xf1e <DIO_u8SetPinValue+0x1d6>
     f26:	84 2b       	or	r24, r20
     f28:	8c 93       	st	X, r24
     f2a:	05 c0       	rjmp	.+10     	; 0xf36 <DIO_u8SetPinValue+0x1ee>
			else error_status = E_NOK;
     f2c:	81 e0       	ldi	r24, 0x01	; 1
     f2e:	89 83       	std	Y+1, r24	; 0x01
     f30:	02 c0       	rjmp	.+4      	; 0xf36 <DIO_u8SetPinValue+0x1ee>
		break;
		default : error_status = E_NOK; break;
     f32:	81 e0       	ldi	r24, 0x01	; 1
     f34:	89 83       	std	Y+1, r24	; 0x01
		}
		return error_status;
     f36:	89 81       	ldd	r24, Y+1	; 0x01
}
     f38:	26 96       	adiw	r28, 0x06	; 6
     f3a:	0f b6       	in	r0, 0x3f	; 63
     f3c:	f8 94       	cli
     f3e:	de bf       	out	0x3e, r29	; 62
     f40:	0f be       	out	0x3f, r0	; 63
     f42:	cd bf       	out	0x3d, r28	; 61
     f44:	cf 91       	pop	r28
     f46:	df 91       	pop	r29
     f48:	08 95       	ret

00000f4a <DIO_u8GetPinValue>:
uint8_t DIO_u8GetPinValue(uint8_t port_id,uint8_t pin_no,uint8_t * value)
{
     f4a:	df 93       	push	r29
     f4c:	cf 93       	push	r28
     f4e:	cd b7       	in	r28, 0x3d	; 61
     f50:	de b7       	in	r29, 0x3e	; 62
     f52:	27 97       	sbiw	r28, 0x07	; 7
     f54:	0f b6       	in	r0, 0x3f	; 63
     f56:	f8 94       	cli
     f58:	de bf       	out	0x3e, r29	; 62
     f5a:	0f be       	out	0x3f, r0	; 63
     f5c:	cd bf       	out	0x3d, r28	; 61
     f5e:	8a 83       	std	Y+2, r24	; 0x02
     f60:	6b 83       	std	Y+3, r22	; 0x03
     f62:	5d 83       	std	Y+5, r21	; 0x05
     f64:	4c 83       	std	Y+4, r20	; 0x04
	uint8_t error_status = E_OK;
     f66:	19 82       	std	Y+1, r1	; 0x01
	if(pin_no>=0&&pin_no<8)
     f68:	8b 81       	ldd	r24, Y+3	; 0x03
     f6a:	88 30       	cpi	r24, 0x08	; 8
     f6c:	08 f0       	brcs	.+2      	; 0xf70 <DIO_u8GetPinValue+0x26>
     f6e:	a5 c0       	rjmp	.+330    	; 0x10ba <DIO_u8GetPinValue+0x170>
	{
		switch(port_id)
     f70:	8a 81       	ldd	r24, Y+2	; 0x02
     f72:	28 2f       	mov	r18, r24
     f74:	30 e0       	ldi	r19, 0x00	; 0
     f76:	3f 83       	std	Y+7, r19	; 0x07
     f78:	2e 83       	std	Y+6, r18	; 0x06
     f7a:	4e 81       	ldd	r20, Y+6	; 0x06
     f7c:	5f 81       	ldd	r21, Y+7	; 0x07
     f7e:	41 30       	cpi	r20, 0x01	; 1
     f80:	51 05       	cpc	r21, r1
     f82:	c1 f1       	breq	.+112    	; 0xff4 <DIO_u8GetPinValue+0xaa>
     f84:	8e 81       	ldd	r24, Y+6	; 0x06
     f86:	9f 81       	ldd	r25, Y+7	; 0x07
     f88:	82 30       	cpi	r24, 0x02	; 2
     f8a:	91 05       	cpc	r25, r1
     f8c:	34 f4       	brge	.+12     	; 0xf9a <DIO_u8GetPinValue+0x50>
     f8e:	2e 81       	ldd	r18, Y+6	; 0x06
     f90:	3f 81       	ldd	r19, Y+7	; 0x07
     f92:	21 15       	cp	r18, r1
     f94:	31 05       	cpc	r19, r1
     f96:	71 f0       	breq	.+28     	; 0xfb4 <DIO_u8GetPinValue+0x6a>
     f98:	8d c0       	rjmp	.+282    	; 0x10b4 <DIO_u8GetPinValue+0x16a>
     f9a:	4e 81       	ldd	r20, Y+6	; 0x06
     f9c:	5f 81       	ldd	r21, Y+7	; 0x07
     f9e:	42 30       	cpi	r20, 0x02	; 2
     fa0:	51 05       	cpc	r21, r1
     fa2:	09 f4       	brne	.+2      	; 0xfa6 <DIO_u8GetPinValue+0x5c>
     fa4:	47 c0       	rjmp	.+142    	; 0x1034 <DIO_u8GetPinValue+0xea>
     fa6:	8e 81       	ldd	r24, Y+6	; 0x06
     fa8:	9f 81       	ldd	r25, Y+7	; 0x07
     faa:	83 30       	cpi	r24, 0x03	; 3
     fac:	91 05       	cpc	r25, r1
     fae:	09 f4       	brne	.+2      	; 0xfb2 <DIO_u8GetPinValue+0x68>
     fb0:	61 c0       	rjmp	.+194    	; 0x1074 <DIO_u8GetPinValue+0x12a>
     fb2:	80 c0       	rjmp	.+256    	; 0x10b4 <DIO_u8GetPinValue+0x16a>
		{
		case PORT_A: *value = GET_BIT(PINA_REG,pin_no); break;
     fb4:	e9 e3       	ldi	r30, 0x39	; 57
     fb6:	f0 e0       	ldi	r31, 0x00	; 0
     fb8:	80 81       	ld	r24, Z
     fba:	48 2f       	mov	r20, r24
     fbc:	50 e0       	ldi	r21, 0x00	; 0
     fbe:	8b 81       	ldd	r24, Y+3	; 0x03
     fc0:	28 2f       	mov	r18, r24
     fc2:	30 e0       	ldi	r19, 0x00	; 0
     fc4:	81 e0       	ldi	r24, 0x01	; 1
     fc6:	90 e0       	ldi	r25, 0x00	; 0
     fc8:	02 c0       	rjmp	.+4      	; 0xfce <DIO_u8GetPinValue+0x84>
     fca:	88 0f       	add	r24, r24
     fcc:	99 1f       	adc	r25, r25
     fce:	2a 95       	dec	r18
     fd0:	e2 f7       	brpl	.-8      	; 0xfca <DIO_u8GetPinValue+0x80>
     fd2:	9a 01       	movw	r18, r20
     fd4:	28 23       	and	r18, r24
     fd6:	39 23       	and	r19, r25
     fd8:	8b 81       	ldd	r24, Y+3	; 0x03
     fda:	88 2f       	mov	r24, r24
     fdc:	90 e0       	ldi	r25, 0x00	; 0
     fde:	a9 01       	movw	r20, r18
     fe0:	02 c0       	rjmp	.+4      	; 0xfe6 <DIO_u8GetPinValue+0x9c>
     fe2:	55 95       	asr	r21
     fe4:	47 95       	ror	r20
     fe6:	8a 95       	dec	r24
     fe8:	e2 f7       	brpl	.-8      	; 0xfe2 <DIO_u8GetPinValue+0x98>
     fea:	ca 01       	movw	r24, r20
     fec:	ec 81       	ldd	r30, Y+4	; 0x04
     fee:	fd 81       	ldd	r31, Y+5	; 0x05
     ff0:	80 83       	st	Z, r24
     ff2:	65 c0       	rjmp	.+202    	; 0x10be <DIO_u8GetPinValue+0x174>
		case PORT_B: *value = GET_BIT(PINB_REG,pin_no); break;
     ff4:	e6 e3       	ldi	r30, 0x36	; 54
     ff6:	f0 e0       	ldi	r31, 0x00	; 0
     ff8:	80 81       	ld	r24, Z
     ffa:	48 2f       	mov	r20, r24
     ffc:	50 e0       	ldi	r21, 0x00	; 0
     ffe:	8b 81       	ldd	r24, Y+3	; 0x03
    1000:	28 2f       	mov	r18, r24
    1002:	30 e0       	ldi	r19, 0x00	; 0
    1004:	81 e0       	ldi	r24, 0x01	; 1
    1006:	90 e0       	ldi	r25, 0x00	; 0
    1008:	02 c0       	rjmp	.+4      	; 0x100e <DIO_u8GetPinValue+0xc4>
    100a:	88 0f       	add	r24, r24
    100c:	99 1f       	adc	r25, r25
    100e:	2a 95       	dec	r18
    1010:	e2 f7       	brpl	.-8      	; 0x100a <DIO_u8GetPinValue+0xc0>
    1012:	9a 01       	movw	r18, r20
    1014:	28 23       	and	r18, r24
    1016:	39 23       	and	r19, r25
    1018:	8b 81       	ldd	r24, Y+3	; 0x03
    101a:	88 2f       	mov	r24, r24
    101c:	90 e0       	ldi	r25, 0x00	; 0
    101e:	a9 01       	movw	r20, r18
    1020:	02 c0       	rjmp	.+4      	; 0x1026 <DIO_u8GetPinValue+0xdc>
    1022:	55 95       	asr	r21
    1024:	47 95       	ror	r20
    1026:	8a 95       	dec	r24
    1028:	e2 f7       	brpl	.-8      	; 0x1022 <DIO_u8GetPinValue+0xd8>
    102a:	ca 01       	movw	r24, r20
    102c:	ec 81       	ldd	r30, Y+4	; 0x04
    102e:	fd 81       	ldd	r31, Y+5	; 0x05
    1030:	80 83       	st	Z, r24
    1032:	45 c0       	rjmp	.+138    	; 0x10be <DIO_u8GetPinValue+0x174>
		case PORT_C: *value = GET_BIT(PINC_REG,pin_no); break;
    1034:	e3 e3       	ldi	r30, 0x33	; 51
    1036:	f0 e0       	ldi	r31, 0x00	; 0
    1038:	80 81       	ld	r24, Z
    103a:	48 2f       	mov	r20, r24
    103c:	50 e0       	ldi	r21, 0x00	; 0
    103e:	8b 81       	ldd	r24, Y+3	; 0x03
    1040:	28 2f       	mov	r18, r24
    1042:	30 e0       	ldi	r19, 0x00	; 0
    1044:	81 e0       	ldi	r24, 0x01	; 1
    1046:	90 e0       	ldi	r25, 0x00	; 0
    1048:	02 c0       	rjmp	.+4      	; 0x104e <DIO_u8GetPinValue+0x104>
    104a:	88 0f       	add	r24, r24
    104c:	99 1f       	adc	r25, r25
    104e:	2a 95       	dec	r18
    1050:	e2 f7       	brpl	.-8      	; 0x104a <DIO_u8GetPinValue+0x100>
    1052:	9a 01       	movw	r18, r20
    1054:	28 23       	and	r18, r24
    1056:	39 23       	and	r19, r25
    1058:	8b 81       	ldd	r24, Y+3	; 0x03
    105a:	88 2f       	mov	r24, r24
    105c:	90 e0       	ldi	r25, 0x00	; 0
    105e:	a9 01       	movw	r20, r18
    1060:	02 c0       	rjmp	.+4      	; 0x1066 <DIO_u8GetPinValue+0x11c>
    1062:	55 95       	asr	r21
    1064:	47 95       	ror	r20
    1066:	8a 95       	dec	r24
    1068:	e2 f7       	brpl	.-8      	; 0x1062 <DIO_u8GetPinValue+0x118>
    106a:	ca 01       	movw	r24, r20
    106c:	ec 81       	ldd	r30, Y+4	; 0x04
    106e:	fd 81       	ldd	r31, Y+5	; 0x05
    1070:	80 83       	st	Z, r24
    1072:	25 c0       	rjmp	.+74     	; 0x10be <DIO_u8GetPinValue+0x174>
		case PORT_D: *value = GET_BIT(PIND_REG,pin_no); break;
    1074:	e0 e3       	ldi	r30, 0x30	; 48
    1076:	f0 e0       	ldi	r31, 0x00	; 0
    1078:	80 81       	ld	r24, Z
    107a:	48 2f       	mov	r20, r24
    107c:	50 e0       	ldi	r21, 0x00	; 0
    107e:	8b 81       	ldd	r24, Y+3	; 0x03
    1080:	28 2f       	mov	r18, r24
    1082:	30 e0       	ldi	r19, 0x00	; 0
    1084:	81 e0       	ldi	r24, 0x01	; 1
    1086:	90 e0       	ldi	r25, 0x00	; 0
    1088:	02 c0       	rjmp	.+4      	; 0x108e <DIO_u8GetPinValue+0x144>
    108a:	88 0f       	add	r24, r24
    108c:	99 1f       	adc	r25, r25
    108e:	2a 95       	dec	r18
    1090:	e2 f7       	brpl	.-8      	; 0x108a <DIO_u8GetPinValue+0x140>
    1092:	9a 01       	movw	r18, r20
    1094:	28 23       	and	r18, r24
    1096:	39 23       	and	r19, r25
    1098:	8b 81       	ldd	r24, Y+3	; 0x03
    109a:	88 2f       	mov	r24, r24
    109c:	90 e0       	ldi	r25, 0x00	; 0
    109e:	a9 01       	movw	r20, r18
    10a0:	02 c0       	rjmp	.+4      	; 0x10a6 <DIO_u8GetPinValue+0x15c>
    10a2:	55 95       	asr	r21
    10a4:	47 95       	ror	r20
    10a6:	8a 95       	dec	r24
    10a8:	e2 f7       	brpl	.-8      	; 0x10a2 <DIO_u8GetPinValue+0x158>
    10aa:	ca 01       	movw	r24, r20
    10ac:	ec 81       	ldd	r30, Y+4	; 0x04
    10ae:	fd 81       	ldd	r31, Y+5	; 0x05
    10b0:	80 83       	st	Z, r24
    10b2:	05 c0       	rjmp	.+10     	; 0x10be <DIO_u8GetPinValue+0x174>
		default : error_status = E_NOK; break;
    10b4:	81 e0       	ldi	r24, 0x01	; 1
    10b6:	89 83       	std	Y+1, r24	; 0x01
    10b8:	02 c0       	rjmp	.+4      	; 0x10be <DIO_u8GetPinValue+0x174>
		}
	}else error_status = E_NOK;
    10ba:	81 e0       	ldi	r24, 0x01	; 1
    10bc:	89 83       	std	Y+1, r24	; 0x01
	return error_status;
    10be:	89 81       	ldd	r24, Y+1	; 0x01
}
    10c0:	27 96       	adiw	r28, 0x07	; 7
    10c2:	0f b6       	in	r0, 0x3f	; 63
    10c4:	f8 94       	cli
    10c6:	de bf       	out	0x3e, r29	; 62
    10c8:	0f be       	out	0x3f, r0	; 63
    10ca:	cd bf       	out	0x3d, r28	; 61
    10cc:	cf 91       	pop	r28
    10ce:	df 91       	pop	r29
    10d0:	08 95       	ret

000010d2 <DIO_u8IsPinOutPut>:
uint8_t DIO_u8IsPinOutPut(uint8_t port_id,uint8_t pin_no,uint8_t * value)
{
    10d2:	df 93       	push	r29
    10d4:	cf 93       	push	r28
    10d6:	cd b7       	in	r28, 0x3d	; 61
    10d8:	de b7       	in	r29, 0x3e	; 62
    10da:	27 97       	sbiw	r28, 0x07	; 7
    10dc:	0f b6       	in	r0, 0x3f	; 63
    10de:	f8 94       	cli
    10e0:	de bf       	out	0x3e, r29	; 62
    10e2:	0f be       	out	0x3f, r0	; 63
    10e4:	cd bf       	out	0x3d, r28	; 61
    10e6:	8a 83       	std	Y+2, r24	; 0x02
    10e8:	6b 83       	std	Y+3, r22	; 0x03
    10ea:	5d 83       	std	Y+5, r21	; 0x05
    10ec:	4c 83       	std	Y+4, r20	; 0x04
	uint8_t error_status = E_OK;
    10ee:	19 82       	std	Y+1, r1	; 0x01
	if(pin_no>=0&&pin_no<8)
    10f0:	8b 81       	ldd	r24, Y+3	; 0x03
    10f2:	88 30       	cpi	r24, 0x08	; 8
    10f4:	08 f0       	brcs	.+2      	; 0x10f8 <DIO_u8IsPinOutPut+0x26>
    10f6:	a5 c0       	rjmp	.+330    	; 0x1242 <DIO_u8IsPinOutPut+0x170>
		{
			switch(port_id)
    10f8:	8a 81       	ldd	r24, Y+2	; 0x02
    10fa:	28 2f       	mov	r18, r24
    10fc:	30 e0       	ldi	r19, 0x00	; 0
    10fe:	3f 83       	std	Y+7, r19	; 0x07
    1100:	2e 83       	std	Y+6, r18	; 0x06
    1102:	4e 81       	ldd	r20, Y+6	; 0x06
    1104:	5f 81       	ldd	r21, Y+7	; 0x07
    1106:	41 30       	cpi	r20, 0x01	; 1
    1108:	51 05       	cpc	r21, r1
    110a:	c1 f1       	breq	.+112    	; 0x117c <DIO_u8IsPinOutPut+0xaa>
    110c:	8e 81       	ldd	r24, Y+6	; 0x06
    110e:	9f 81       	ldd	r25, Y+7	; 0x07
    1110:	82 30       	cpi	r24, 0x02	; 2
    1112:	91 05       	cpc	r25, r1
    1114:	34 f4       	brge	.+12     	; 0x1122 <DIO_u8IsPinOutPut+0x50>
    1116:	2e 81       	ldd	r18, Y+6	; 0x06
    1118:	3f 81       	ldd	r19, Y+7	; 0x07
    111a:	21 15       	cp	r18, r1
    111c:	31 05       	cpc	r19, r1
    111e:	71 f0       	breq	.+28     	; 0x113c <DIO_u8IsPinOutPut+0x6a>
    1120:	8d c0       	rjmp	.+282    	; 0x123c <DIO_u8IsPinOutPut+0x16a>
    1122:	4e 81       	ldd	r20, Y+6	; 0x06
    1124:	5f 81       	ldd	r21, Y+7	; 0x07
    1126:	42 30       	cpi	r20, 0x02	; 2
    1128:	51 05       	cpc	r21, r1
    112a:	09 f4       	brne	.+2      	; 0x112e <DIO_u8IsPinOutPut+0x5c>
    112c:	47 c0       	rjmp	.+142    	; 0x11bc <DIO_u8IsPinOutPut+0xea>
    112e:	8e 81       	ldd	r24, Y+6	; 0x06
    1130:	9f 81       	ldd	r25, Y+7	; 0x07
    1132:	83 30       	cpi	r24, 0x03	; 3
    1134:	91 05       	cpc	r25, r1
    1136:	09 f4       	brne	.+2      	; 0x113a <DIO_u8IsPinOutPut+0x68>
    1138:	61 c0       	rjmp	.+194    	; 0x11fc <DIO_u8IsPinOutPut+0x12a>
    113a:	80 c0       	rjmp	.+256    	; 0x123c <DIO_u8IsPinOutPut+0x16a>
			{
			case PORT_A: *value = GET_BIT(DDRA_REG,pin_no); break;
    113c:	ea e3       	ldi	r30, 0x3A	; 58
    113e:	f0 e0       	ldi	r31, 0x00	; 0
    1140:	80 81       	ld	r24, Z
    1142:	48 2f       	mov	r20, r24
    1144:	50 e0       	ldi	r21, 0x00	; 0
    1146:	8b 81       	ldd	r24, Y+3	; 0x03
    1148:	28 2f       	mov	r18, r24
    114a:	30 e0       	ldi	r19, 0x00	; 0
    114c:	81 e0       	ldi	r24, 0x01	; 1
    114e:	90 e0       	ldi	r25, 0x00	; 0
    1150:	02 c0       	rjmp	.+4      	; 0x1156 <DIO_u8IsPinOutPut+0x84>
    1152:	88 0f       	add	r24, r24
    1154:	99 1f       	adc	r25, r25
    1156:	2a 95       	dec	r18
    1158:	e2 f7       	brpl	.-8      	; 0x1152 <DIO_u8IsPinOutPut+0x80>
    115a:	9a 01       	movw	r18, r20
    115c:	28 23       	and	r18, r24
    115e:	39 23       	and	r19, r25
    1160:	8b 81       	ldd	r24, Y+3	; 0x03
    1162:	88 2f       	mov	r24, r24
    1164:	90 e0       	ldi	r25, 0x00	; 0
    1166:	a9 01       	movw	r20, r18
    1168:	02 c0       	rjmp	.+4      	; 0x116e <DIO_u8IsPinOutPut+0x9c>
    116a:	55 95       	asr	r21
    116c:	47 95       	ror	r20
    116e:	8a 95       	dec	r24
    1170:	e2 f7       	brpl	.-8      	; 0x116a <DIO_u8IsPinOutPut+0x98>
    1172:	ca 01       	movw	r24, r20
    1174:	ec 81       	ldd	r30, Y+4	; 0x04
    1176:	fd 81       	ldd	r31, Y+5	; 0x05
    1178:	80 83       	st	Z, r24
    117a:	65 c0       	rjmp	.+202    	; 0x1246 <DIO_u8IsPinOutPut+0x174>
			case PORT_B: *value = GET_BIT(DDRB_REG,pin_no); break;
    117c:	e7 e3       	ldi	r30, 0x37	; 55
    117e:	f0 e0       	ldi	r31, 0x00	; 0
    1180:	80 81       	ld	r24, Z
    1182:	48 2f       	mov	r20, r24
    1184:	50 e0       	ldi	r21, 0x00	; 0
    1186:	8b 81       	ldd	r24, Y+3	; 0x03
    1188:	28 2f       	mov	r18, r24
    118a:	30 e0       	ldi	r19, 0x00	; 0
    118c:	81 e0       	ldi	r24, 0x01	; 1
    118e:	90 e0       	ldi	r25, 0x00	; 0
    1190:	02 c0       	rjmp	.+4      	; 0x1196 <DIO_u8IsPinOutPut+0xc4>
    1192:	88 0f       	add	r24, r24
    1194:	99 1f       	adc	r25, r25
    1196:	2a 95       	dec	r18
    1198:	e2 f7       	brpl	.-8      	; 0x1192 <DIO_u8IsPinOutPut+0xc0>
    119a:	9a 01       	movw	r18, r20
    119c:	28 23       	and	r18, r24
    119e:	39 23       	and	r19, r25
    11a0:	8b 81       	ldd	r24, Y+3	; 0x03
    11a2:	88 2f       	mov	r24, r24
    11a4:	90 e0       	ldi	r25, 0x00	; 0
    11a6:	a9 01       	movw	r20, r18
    11a8:	02 c0       	rjmp	.+4      	; 0x11ae <DIO_u8IsPinOutPut+0xdc>
    11aa:	55 95       	asr	r21
    11ac:	47 95       	ror	r20
    11ae:	8a 95       	dec	r24
    11b0:	e2 f7       	brpl	.-8      	; 0x11aa <DIO_u8IsPinOutPut+0xd8>
    11b2:	ca 01       	movw	r24, r20
    11b4:	ec 81       	ldd	r30, Y+4	; 0x04
    11b6:	fd 81       	ldd	r31, Y+5	; 0x05
    11b8:	80 83       	st	Z, r24
    11ba:	45 c0       	rjmp	.+138    	; 0x1246 <DIO_u8IsPinOutPut+0x174>
			case PORT_C: *value = GET_BIT(DDRC_REG,pin_no); break;
    11bc:	e4 e3       	ldi	r30, 0x34	; 52
    11be:	f0 e0       	ldi	r31, 0x00	; 0
    11c0:	80 81       	ld	r24, Z
    11c2:	48 2f       	mov	r20, r24
    11c4:	50 e0       	ldi	r21, 0x00	; 0
    11c6:	8b 81       	ldd	r24, Y+3	; 0x03
    11c8:	28 2f       	mov	r18, r24
    11ca:	30 e0       	ldi	r19, 0x00	; 0
    11cc:	81 e0       	ldi	r24, 0x01	; 1
    11ce:	90 e0       	ldi	r25, 0x00	; 0
    11d0:	02 c0       	rjmp	.+4      	; 0x11d6 <DIO_u8IsPinOutPut+0x104>
    11d2:	88 0f       	add	r24, r24
    11d4:	99 1f       	adc	r25, r25
    11d6:	2a 95       	dec	r18
    11d8:	e2 f7       	brpl	.-8      	; 0x11d2 <DIO_u8IsPinOutPut+0x100>
    11da:	9a 01       	movw	r18, r20
    11dc:	28 23       	and	r18, r24
    11de:	39 23       	and	r19, r25
    11e0:	8b 81       	ldd	r24, Y+3	; 0x03
    11e2:	88 2f       	mov	r24, r24
    11e4:	90 e0       	ldi	r25, 0x00	; 0
    11e6:	a9 01       	movw	r20, r18
    11e8:	02 c0       	rjmp	.+4      	; 0x11ee <DIO_u8IsPinOutPut+0x11c>
    11ea:	55 95       	asr	r21
    11ec:	47 95       	ror	r20
    11ee:	8a 95       	dec	r24
    11f0:	e2 f7       	brpl	.-8      	; 0x11ea <DIO_u8IsPinOutPut+0x118>
    11f2:	ca 01       	movw	r24, r20
    11f4:	ec 81       	ldd	r30, Y+4	; 0x04
    11f6:	fd 81       	ldd	r31, Y+5	; 0x05
    11f8:	80 83       	st	Z, r24
    11fa:	25 c0       	rjmp	.+74     	; 0x1246 <DIO_u8IsPinOutPut+0x174>
			case PORT_D: *value = GET_BIT(DDRD_REG,pin_no); break;
    11fc:	e1 e3       	ldi	r30, 0x31	; 49
    11fe:	f0 e0       	ldi	r31, 0x00	; 0
    1200:	80 81       	ld	r24, Z
    1202:	48 2f       	mov	r20, r24
    1204:	50 e0       	ldi	r21, 0x00	; 0
    1206:	8b 81       	ldd	r24, Y+3	; 0x03
    1208:	28 2f       	mov	r18, r24
    120a:	30 e0       	ldi	r19, 0x00	; 0
    120c:	81 e0       	ldi	r24, 0x01	; 1
    120e:	90 e0       	ldi	r25, 0x00	; 0
    1210:	02 c0       	rjmp	.+4      	; 0x1216 <DIO_u8IsPinOutPut+0x144>
    1212:	88 0f       	add	r24, r24
    1214:	99 1f       	adc	r25, r25
    1216:	2a 95       	dec	r18
    1218:	e2 f7       	brpl	.-8      	; 0x1212 <DIO_u8IsPinOutPut+0x140>
    121a:	9a 01       	movw	r18, r20
    121c:	28 23       	and	r18, r24
    121e:	39 23       	and	r19, r25
    1220:	8b 81       	ldd	r24, Y+3	; 0x03
    1222:	88 2f       	mov	r24, r24
    1224:	90 e0       	ldi	r25, 0x00	; 0
    1226:	a9 01       	movw	r20, r18
    1228:	02 c0       	rjmp	.+4      	; 0x122e <DIO_u8IsPinOutPut+0x15c>
    122a:	55 95       	asr	r21
    122c:	47 95       	ror	r20
    122e:	8a 95       	dec	r24
    1230:	e2 f7       	brpl	.-8      	; 0x122a <DIO_u8IsPinOutPut+0x158>
    1232:	ca 01       	movw	r24, r20
    1234:	ec 81       	ldd	r30, Y+4	; 0x04
    1236:	fd 81       	ldd	r31, Y+5	; 0x05
    1238:	80 83       	st	Z, r24
    123a:	05 c0       	rjmp	.+10     	; 0x1246 <DIO_u8IsPinOutPut+0x174>
			default : error_status = E_NOK; break;
    123c:	81 e0       	ldi	r24, 0x01	; 1
    123e:	89 83       	std	Y+1, r24	; 0x01
    1240:	02 c0       	rjmp	.+4      	; 0x1246 <DIO_u8IsPinOutPut+0x174>
			}
		}else error_status = E_NOK;
    1242:	81 e0       	ldi	r24, 0x01	; 1
    1244:	89 83       	std	Y+1, r24	; 0x01
	return error_status;
    1246:	89 81       	ldd	r24, Y+1	; 0x01
}
    1248:	27 96       	adiw	r28, 0x07	; 7
    124a:	0f b6       	in	r0, 0x3f	; 63
    124c:	f8 94       	cli
    124e:	de bf       	out	0x3e, r29	; 62
    1250:	0f be       	out	0x3f, r0	; 63
    1252:	cd bf       	out	0x3d, r28	; 61
    1254:	cf 91       	pop	r28
    1256:	df 91       	pop	r29
    1258:	08 95       	ret

0000125a <DIO_u8SetPullUpMode>:
uint8_t DIO_u8SetPullUpMode(uint8_t port_id,uint8_t pin_no,uint8_t mode)
{
    125a:	df 93       	push	r29
    125c:	cf 93       	push	r28
    125e:	00 d0       	rcall	.+0      	; 0x1260 <DIO_u8SetPullUpMode+0x6>
    1260:	00 d0       	rcall	.+0      	; 0x1262 <DIO_u8SetPullUpMode+0x8>
    1262:	00 d0       	rcall	.+0      	; 0x1264 <DIO_u8SetPullUpMode+0xa>
    1264:	cd b7       	in	r28, 0x3d	; 61
    1266:	de b7       	in	r29, 0x3e	; 62
    1268:	8a 83       	std	Y+2, r24	; 0x02
    126a:	6b 83       	std	Y+3, r22	; 0x03
    126c:	4c 83       	std	Y+4, r20	; 0x04
	uint8_t error_status = E_OK;
    126e:	19 82       	std	Y+1, r1	; 0x01
	if(pin_no>=0&&pin_no<8)
    1270:	8b 81       	ldd	r24, Y+3	; 0x03
    1272:	88 30       	cpi	r24, 0x08	; 8
    1274:	08 f0       	brcs	.+2      	; 0x1278 <DIO_u8SetPullUpMode+0x1e>
    1276:	d5 c0       	rjmp	.+426    	; 0x1422 <DIO_u8SetPullUpMode+0x1c8>
	{
	switch(port_id)
    1278:	8a 81       	ldd	r24, Y+2	; 0x02
    127a:	28 2f       	mov	r18, r24
    127c:	30 e0       	ldi	r19, 0x00	; 0
    127e:	3e 83       	std	Y+6, r19	; 0x06
    1280:	2d 83       	std	Y+5, r18	; 0x05
    1282:	8d 81       	ldd	r24, Y+5	; 0x05
    1284:	9e 81       	ldd	r25, Y+6	; 0x06
    1286:	81 30       	cpi	r24, 0x01	; 1
    1288:	91 05       	cpc	r25, r1
    128a:	09 f4       	brne	.+2      	; 0x128e <DIO_u8SetPullUpMode+0x34>
    128c:	43 c0       	rjmp	.+134    	; 0x1314 <DIO_u8SetPullUpMode+0xba>
    128e:	2d 81       	ldd	r18, Y+5	; 0x05
    1290:	3e 81       	ldd	r19, Y+6	; 0x06
    1292:	22 30       	cpi	r18, 0x02	; 2
    1294:	31 05       	cpc	r19, r1
    1296:	2c f4       	brge	.+10     	; 0x12a2 <DIO_u8SetPullUpMode+0x48>
    1298:	8d 81       	ldd	r24, Y+5	; 0x05
    129a:	9e 81       	ldd	r25, Y+6	; 0x06
    129c:	00 97       	sbiw	r24, 0x00	; 0
    129e:	71 f0       	breq	.+28     	; 0x12bc <DIO_u8SetPullUpMode+0x62>
    12a0:	bd c0       	rjmp	.+378    	; 0x141c <DIO_u8SetPullUpMode+0x1c2>
    12a2:	2d 81       	ldd	r18, Y+5	; 0x05
    12a4:	3e 81       	ldd	r19, Y+6	; 0x06
    12a6:	22 30       	cpi	r18, 0x02	; 2
    12a8:	31 05       	cpc	r19, r1
    12aa:	09 f4       	brne	.+2      	; 0x12ae <DIO_u8SetPullUpMode+0x54>
    12ac:	5f c0       	rjmp	.+190    	; 0x136c <DIO_u8SetPullUpMode+0x112>
    12ae:	8d 81       	ldd	r24, Y+5	; 0x05
    12b0:	9e 81       	ldd	r25, Y+6	; 0x06
    12b2:	83 30       	cpi	r24, 0x03	; 3
    12b4:	91 05       	cpc	r25, r1
    12b6:	09 f4       	brne	.+2      	; 0x12ba <DIO_u8SetPullUpMode+0x60>
    12b8:	85 c0       	rjmp	.+266    	; 0x13c4 <DIO_u8SetPullUpMode+0x16a>
    12ba:	b0 c0       	rjmp	.+352    	; 0x141c <DIO_u8SetPullUpMode+0x1c2>
	{
	case PORT_A:
		    if (mode == Enabled)
    12bc:	8c 81       	ldd	r24, Y+4	; 0x04
    12be:	81 30       	cpi	r24, 0x01	; 1
    12c0:	a1 f4       	brne	.+40     	; 0x12ea <DIO_u8SetPullUpMode+0x90>
		    {
		        SET_BIT(PORTA_REG, pin_no);
    12c2:	ab e3       	ldi	r26, 0x3B	; 59
    12c4:	b0 e0       	ldi	r27, 0x00	; 0
    12c6:	eb e3       	ldi	r30, 0x3B	; 59
    12c8:	f0 e0       	ldi	r31, 0x00	; 0
    12ca:	80 81       	ld	r24, Z
    12cc:	48 2f       	mov	r20, r24
    12ce:	8b 81       	ldd	r24, Y+3	; 0x03
    12d0:	28 2f       	mov	r18, r24
    12d2:	30 e0       	ldi	r19, 0x00	; 0
    12d4:	81 e0       	ldi	r24, 0x01	; 1
    12d6:	90 e0       	ldi	r25, 0x00	; 0
    12d8:	02 2e       	mov	r0, r18
    12da:	02 c0       	rjmp	.+4      	; 0x12e0 <DIO_u8SetPullUpMode+0x86>
    12dc:	88 0f       	add	r24, r24
    12de:	99 1f       	adc	r25, r25
    12e0:	0a 94       	dec	r0
    12e2:	e2 f7       	brpl	.-8      	; 0x12dc <DIO_u8SetPullUpMode+0x82>
    12e4:	84 2b       	or	r24, r20
    12e6:	8c 93       	st	X, r24
    12e8:	9e c0       	rjmp	.+316    	; 0x1426 <DIO_u8SetPullUpMode+0x1cc>
		    }
		    else
		    {
		        CLR_BIT(PORTA_REG, pin_no);
    12ea:	ab e3       	ldi	r26, 0x3B	; 59
    12ec:	b0 e0       	ldi	r27, 0x00	; 0
    12ee:	eb e3       	ldi	r30, 0x3B	; 59
    12f0:	f0 e0       	ldi	r31, 0x00	; 0
    12f2:	80 81       	ld	r24, Z
    12f4:	48 2f       	mov	r20, r24
    12f6:	8b 81       	ldd	r24, Y+3	; 0x03
    12f8:	28 2f       	mov	r18, r24
    12fa:	30 e0       	ldi	r19, 0x00	; 0
    12fc:	81 e0       	ldi	r24, 0x01	; 1
    12fe:	90 e0       	ldi	r25, 0x00	; 0
    1300:	02 2e       	mov	r0, r18
    1302:	02 c0       	rjmp	.+4      	; 0x1308 <DIO_u8SetPullUpMode+0xae>
    1304:	88 0f       	add	r24, r24
    1306:	99 1f       	adc	r25, r25
    1308:	0a 94       	dec	r0
    130a:	e2 f7       	brpl	.-8      	; 0x1304 <DIO_u8SetPullUpMode+0xaa>
    130c:	80 95       	com	r24
    130e:	84 23       	and	r24, r20
    1310:	8c 93       	st	X, r24
    1312:	89 c0       	rjmp	.+274    	; 0x1426 <DIO_u8SetPullUpMode+0x1cc>
		    }
		    break;
	case PORT_B:
		    if (mode == Enabled)
    1314:	8c 81       	ldd	r24, Y+4	; 0x04
    1316:	81 30       	cpi	r24, 0x01	; 1
    1318:	a1 f4       	brne	.+40     	; 0x1342 <DIO_u8SetPullUpMode+0xe8>
		    {
		        SET_BIT(PORTB_REG, pin_no);
    131a:	a8 e3       	ldi	r26, 0x38	; 56
    131c:	b0 e0       	ldi	r27, 0x00	; 0
    131e:	e8 e3       	ldi	r30, 0x38	; 56
    1320:	f0 e0       	ldi	r31, 0x00	; 0
    1322:	80 81       	ld	r24, Z
    1324:	48 2f       	mov	r20, r24
    1326:	8b 81       	ldd	r24, Y+3	; 0x03
    1328:	28 2f       	mov	r18, r24
    132a:	30 e0       	ldi	r19, 0x00	; 0
    132c:	81 e0       	ldi	r24, 0x01	; 1
    132e:	90 e0       	ldi	r25, 0x00	; 0
    1330:	02 2e       	mov	r0, r18
    1332:	02 c0       	rjmp	.+4      	; 0x1338 <DIO_u8SetPullUpMode+0xde>
    1334:	88 0f       	add	r24, r24
    1336:	99 1f       	adc	r25, r25
    1338:	0a 94       	dec	r0
    133a:	e2 f7       	brpl	.-8      	; 0x1334 <DIO_u8SetPullUpMode+0xda>
    133c:	84 2b       	or	r24, r20
    133e:	8c 93       	st	X, r24
    1340:	72 c0       	rjmp	.+228    	; 0x1426 <DIO_u8SetPullUpMode+0x1cc>
		    }
		    else
		    {
		        CLR_BIT(PORTB_REG, pin_no);
    1342:	a8 e3       	ldi	r26, 0x38	; 56
    1344:	b0 e0       	ldi	r27, 0x00	; 0
    1346:	e8 e3       	ldi	r30, 0x38	; 56
    1348:	f0 e0       	ldi	r31, 0x00	; 0
    134a:	80 81       	ld	r24, Z
    134c:	48 2f       	mov	r20, r24
    134e:	8b 81       	ldd	r24, Y+3	; 0x03
    1350:	28 2f       	mov	r18, r24
    1352:	30 e0       	ldi	r19, 0x00	; 0
    1354:	81 e0       	ldi	r24, 0x01	; 1
    1356:	90 e0       	ldi	r25, 0x00	; 0
    1358:	02 2e       	mov	r0, r18
    135a:	02 c0       	rjmp	.+4      	; 0x1360 <DIO_u8SetPullUpMode+0x106>
    135c:	88 0f       	add	r24, r24
    135e:	99 1f       	adc	r25, r25
    1360:	0a 94       	dec	r0
    1362:	e2 f7       	brpl	.-8      	; 0x135c <DIO_u8SetPullUpMode+0x102>
    1364:	80 95       	com	r24
    1366:	84 23       	and	r24, r20
    1368:	8c 93       	st	X, r24
    136a:	5d c0       	rjmp	.+186    	; 0x1426 <DIO_u8SetPullUpMode+0x1cc>
		    }
		    break;
	case PORT_C:
	    if (mode == Enabled)
    136c:	8c 81       	ldd	r24, Y+4	; 0x04
    136e:	81 30       	cpi	r24, 0x01	; 1
    1370:	a1 f4       	brne	.+40     	; 0x139a <DIO_u8SetPullUpMode+0x140>
	    {
	        SET_BIT(PORTC_REG, pin_no);
    1372:	a5 e3       	ldi	r26, 0x35	; 53
    1374:	b0 e0       	ldi	r27, 0x00	; 0
    1376:	e5 e3       	ldi	r30, 0x35	; 53
    1378:	f0 e0       	ldi	r31, 0x00	; 0
    137a:	80 81       	ld	r24, Z
    137c:	48 2f       	mov	r20, r24
    137e:	8b 81       	ldd	r24, Y+3	; 0x03
    1380:	28 2f       	mov	r18, r24
    1382:	30 e0       	ldi	r19, 0x00	; 0
    1384:	81 e0       	ldi	r24, 0x01	; 1
    1386:	90 e0       	ldi	r25, 0x00	; 0
    1388:	02 2e       	mov	r0, r18
    138a:	02 c0       	rjmp	.+4      	; 0x1390 <DIO_u8SetPullUpMode+0x136>
    138c:	88 0f       	add	r24, r24
    138e:	99 1f       	adc	r25, r25
    1390:	0a 94       	dec	r0
    1392:	e2 f7       	brpl	.-8      	; 0x138c <DIO_u8SetPullUpMode+0x132>
    1394:	84 2b       	or	r24, r20
    1396:	8c 93       	st	X, r24
    1398:	46 c0       	rjmp	.+140    	; 0x1426 <DIO_u8SetPullUpMode+0x1cc>
	    }
	    else
	    {
	        CLR_BIT(PORTC_REG, pin_no);
    139a:	a5 e3       	ldi	r26, 0x35	; 53
    139c:	b0 e0       	ldi	r27, 0x00	; 0
    139e:	e5 e3       	ldi	r30, 0x35	; 53
    13a0:	f0 e0       	ldi	r31, 0x00	; 0
    13a2:	80 81       	ld	r24, Z
    13a4:	48 2f       	mov	r20, r24
    13a6:	8b 81       	ldd	r24, Y+3	; 0x03
    13a8:	28 2f       	mov	r18, r24
    13aa:	30 e0       	ldi	r19, 0x00	; 0
    13ac:	81 e0       	ldi	r24, 0x01	; 1
    13ae:	90 e0       	ldi	r25, 0x00	; 0
    13b0:	02 2e       	mov	r0, r18
    13b2:	02 c0       	rjmp	.+4      	; 0x13b8 <DIO_u8SetPullUpMode+0x15e>
    13b4:	88 0f       	add	r24, r24
    13b6:	99 1f       	adc	r25, r25
    13b8:	0a 94       	dec	r0
    13ba:	e2 f7       	brpl	.-8      	; 0x13b4 <DIO_u8SetPullUpMode+0x15a>
    13bc:	80 95       	com	r24
    13be:	84 23       	and	r24, r20
    13c0:	8c 93       	st	X, r24
    13c2:	31 c0       	rjmp	.+98     	; 0x1426 <DIO_u8SetPullUpMode+0x1cc>
	    }
	    break;
	case PORT_D:
		    if (mode == Enabled)
    13c4:	8c 81       	ldd	r24, Y+4	; 0x04
    13c6:	81 30       	cpi	r24, 0x01	; 1
    13c8:	a1 f4       	brne	.+40     	; 0x13f2 <DIO_u8SetPullUpMode+0x198>
		    {
		        SET_BIT(PORTD_REG, pin_no);
    13ca:	a2 e3       	ldi	r26, 0x32	; 50
    13cc:	b0 e0       	ldi	r27, 0x00	; 0
    13ce:	e2 e3       	ldi	r30, 0x32	; 50
    13d0:	f0 e0       	ldi	r31, 0x00	; 0
    13d2:	80 81       	ld	r24, Z
    13d4:	48 2f       	mov	r20, r24
    13d6:	8b 81       	ldd	r24, Y+3	; 0x03
    13d8:	28 2f       	mov	r18, r24
    13da:	30 e0       	ldi	r19, 0x00	; 0
    13dc:	81 e0       	ldi	r24, 0x01	; 1
    13de:	90 e0       	ldi	r25, 0x00	; 0
    13e0:	02 2e       	mov	r0, r18
    13e2:	02 c0       	rjmp	.+4      	; 0x13e8 <DIO_u8SetPullUpMode+0x18e>
    13e4:	88 0f       	add	r24, r24
    13e6:	99 1f       	adc	r25, r25
    13e8:	0a 94       	dec	r0
    13ea:	e2 f7       	brpl	.-8      	; 0x13e4 <DIO_u8SetPullUpMode+0x18a>
    13ec:	84 2b       	or	r24, r20
    13ee:	8c 93       	st	X, r24
    13f0:	1a c0       	rjmp	.+52     	; 0x1426 <DIO_u8SetPullUpMode+0x1cc>
		    }
		    else
		    {
		        CLR_BIT(PORTD_REG, pin_no);
    13f2:	a2 e3       	ldi	r26, 0x32	; 50
    13f4:	b0 e0       	ldi	r27, 0x00	; 0
    13f6:	e2 e3       	ldi	r30, 0x32	; 50
    13f8:	f0 e0       	ldi	r31, 0x00	; 0
    13fa:	80 81       	ld	r24, Z
    13fc:	48 2f       	mov	r20, r24
    13fe:	8b 81       	ldd	r24, Y+3	; 0x03
    1400:	28 2f       	mov	r18, r24
    1402:	30 e0       	ldi	r19, 0x00	; 0
    1404:	81 e0       	ldi	r24, 0x01	; 1
    1406:	90 e0       	ldi	r25, 0x00	; 0
    1408:	02 2e       	mov	r0, r18
    140a:	02 c0       	rjmp	.+4      	; 0x1410 <DIO_u8SetPullUpMode+0x1b6>
    140c:	88 0f       	add	r24, r24
    140e:	99 1f       	adc	r25, r25
    1410:	0a 94       	dec	r0
    1412:	e2 f7       	brpl	.-8      	; 0x140c <DIO_u8SetPullUpMode+0x1b2>
    1414:	80 95       	com	r24
    1416:	84 23       	and	r24, r20
    1418:	8c 93       	st	X, r24
    141a:	05 c0       	rjmp	.+10     	; 0x1426 <DIO_u8SetPullUpMode+0x1cc>
		    }
		    break;
	default : error_status = E_NOK; break;
    141c:	81 e0       	ldi	r24, 0x01	; 1
    141e:	89 83       	std	Y+1, r24	; 0x01
    1420:	02 c0       	rjmp	.+4      	; 0x1426 <DIO_u8SetPullUpMode+0x1cc>
	}
	}else error_status=E_NOK;
    1422:	81 e0       	ldi	r24, 0x01	; 1
    1424:	89 83       	std	Y+1, r24	; 0x01
	return error_status;
    1426:	89 81       	ldd	r24, Y+1	; 0x01
}
    1428:	26 96       	adiw	r28, 0x06	; 6
    142a:	0f b6       	in	r0, 0x3f	; 63
    142c:	f8 94       	cli
    142e:	de bf       	out	0x3e, r29	; 62
    1430:	0f be       	out	0x3f, r0	; 63
    1432:	cd bf       	out	0x3d, r28	; 61
    1434:	cf 91       	pop	r28
    1436:	df 91       	pop	r29
    1438:	08 95       	ret

0000143a <DIO_u8SetPortMode>:
//

uint8_t DIO_u8SetPortMode(uint8_t port_id,uint8_t mode)
{
    143a:	df 93       	push	r29
    143c:	cf 93       	push	r28
    143e:	00 d0       	rcall	.+0      	; 0x1440 <DIO_u8SetPortMode+0x6>
    1440:	00 d0       	rcall	.+0      	; 0x1442 <DIO_u8SetPortMode+0x8>
    1442:	0f 92       	push	r0
    1444:	cd b7       	in	r28, 0x3d	; 61
    1446:	de b7       	in	r29, 0x3e	; 62
    1448:	8a 83       	std	Y+2, r24	; 0x02
    144a:	6b 83       	std	Y+3, r22	; 0x03
	uint8_t error_status = E_OK;
    144c:	19 82       	std	Y+1, r1	; 0x01
	switch(port_id)
    144e:	8a 81       	ldd	r24, Y+2	; 0x02
    1450:	28 2f       	mov	r18, r24
    1452:	30 e0       	ldi	r19, 0x00	; 0
    1454:	3d 83       	std	Y+5, r19	; 0x05
    1456:	2c 83       	std	Y+4, r18	; 0x04
    1458:	8c 81       	ldd	r24, Y+4	; 0x04
    145a:	9d 81       	ldd	r25, Y+5	; 0x05
    145c:	81 30       	cpi	r24, 0x01	; 1
    145e:	91 05       	cpc	r25, r1
    1460:	d1 f0       	breq	.+52     	; 0x1496 <DIO_u8SetPortMode+0x5c>
    1462:	2c 81       	ldd	r18, Y+4	; 0x04
    1464:	3d 81       	ldd	r19, Y+5	; 0x05
    1466:	22 30       	cpi	r18, 0x02	; 2
    1468:	31 05       	cpc	r19, r1
    146a:	2c f4       	brge	.+10     	; 0x1476 <DIO_u8SetPortMode+0x3c>
    146c:	8c 81       	ldd	r24, Y+4	; 0x04
    146e:	9d 81       	ldd	r25, Y+5	; 0x05
    1470:	00 97       	sbiw	r24, 0x00	; 0
    1472:	61 f0       	breq	.+24     	; 0x148c <DIO_u8SetPortMode+0x52>
    1474:	1f c0       	rjmp	.+62     	; 0x14b4 <DIO_u8SetPortMode+0x7a>
    1476:	2c 81       	ldd	r18, Y+4	; 0x04
    1478:	3d 81       	ldd	r19, Y+5	; 0x05
    147a:	22 30       	cpi	r18, 0x02	; 2
    147c:	31 05       	cpc	r19, r1
    147e:	81 f0       	breq	.+32     	; 0x14a0 <DIO_u8SetPortMode+0x66>
    1480:	8c 81       	ldd	r24, Y+4	; 0x04
    1482:	9d 81       	ldd	r25, Y+5	; 0x05
    1484:	83 30       	cpi	r24, 0x03	; 3
    1486:	91 05       	cpc	r25, r1
    1488:	81 f0       	breq	.+32     	; 0x14aa <DIO_u8SetPortMode+0x70>
    148a:	14 c0       	rjmp	.+40     	; 0x14b4 <DIO_u8SetPortMode+0x7a>
	{
	case PORT_A: DDRA_REG = mode; break;
    148c:	ea e3       	ldi	r30, 0x3A	; 58
    148e:	f0 e0       	ldi	r31, 0x00	; 0
    1490:	8b 81       	ldd	r24, Y+3	; 0x03
    1492:	80 83       	st	Z, r24
    1494:	11 c0       	rjmp	.+34     	; 0x14b8 <DIO_u8SetPortMode+0x7e>
	case PORT_B: DDRB_REG = mode; break;
    1496:	e7 e3       	ldi	r30, 0x37	; 55
    1498:	f0 e0       	ldi	r31, 0x00	; 0
    149a:	8b 81       	ldd	r24, Y+3	; 0x03
    149c:	80 83       	st	Z, r24
    149e:	0c c0       	rjmp	.+24     	; 0x14b8 <DIO_u8SetPortMode+0x7e>
	case PORT_C: DDRC_REG = mode; break;
    14a0:	e4 e3       	ldi	r30, 0x34	; 52
    14a2:	f0 e0       	ldi	r31, 0x00	; 0
    14a4:	8b 81       	ldd	r24, Y+3	; 0x03
    14a6:	80 83       	st	Z, r24
    14a8:	07 c0       	rjmp	.+14     	; 0x14b8 <DIO_u8SetPortMode+0x7e>
	case PORT_D: DDRD_REG = mode; break;
    14aa:	e1 e3       	ldi	r30, 0x31	; 49
    14ac:	f0 e0       	ldi	r31, 0x00	; 0
    14ae:	8b 81       	ldd	r24, Y+3	; 0x03
    14b0:	80 83       	st	Z, r24
    14b2:	02 c0       	rjmp	.+4      	; 0x14b8 <DIO_u8SetPortMode+0x7e>
	default : error_status = E_NOK; break;
    14b4:	81 e0       	ldi	r24, 0x01	; 1
    14b6:	89 83       	std	Y+1, r24	; 0x01
	}
	return error_status;
    14b8:	89 81       	ldd	r24, Y+1	; 0x01
}
    14ba:	0f 90       	pop	r0
    14bc:	0f 90       	pop	r0
    14be:	0f 90       	pop	r0
    14c0:	0f 90       	pop	r0
    14c2:	0f 90       	pop	r0
    14c4:	cf 91       	pop	r28
    14c6:	df 91       	pop	r29
    14c8:	08 95       	ret

000014ca <DIO_u8SetPortValue>:
uint8_t DIO_u8SetPortValue(uint8_t port_id,uint8_t value)
{
    14ca:	df 93       	push	r29
    14cc:	cf 93       	push	r28
    14ce:	00 d0       	rcall	.+0      	; 0x14d0 <DIO_u8SetPortValue+0x6>
    14d0:	00 d0       	rcall	.+0      	; 0x14d2 <DIO_u8SetPortValue+0x8>
    14d2:	0f 92       	push	r0
    14d4:	cd b7       	in	r28, 0x3d	; 61
    14d6:	de b7       	in	r29, 0x3e	; 62
    14d8:	8a 83       	std	Y+2, r24	; 0x02
    14da:	6b 83       	std	Y+3, r22	; 0x03
	uint8_t error_status = E_OK;
    14dc:	19 82       	std	Y+1, r1	; 0x01
		switch(port_id)
    14de:	8a 81       	ldd	r24, Y+2	; 0x02
    14e0:	28 2f       	mov	r18, r24
    14e2:	30 e0       	ldi	r19, 0x00	; 0
    14e4:	3d 83       	std	Y+5, r19	; 0x05
    14e6:	2c 83       	std	Y+4, r18	; 0x04
    14e8:	8c 81       	ldd	r24, Y+4	; 0x04
    14ea:	9d 81       	ldd	r25, Y+5	; 0x05
    14ec:	81 30       	cpi	r24, 0x01	; 1
    14ee:	91 05       	cpc	r25, r1
    14f0:	d1 f0       	breq	.+52     	; 0x1526 <DIO_u8SetPortValue+0x5c>
    14f2:	2c 81       	ldd	r18, Y+4	; 0x04
    14f4:	3d 81       	ldd	r19, Y+5	; 0x05
    14f6:	22 30       	cpi	r18, 0x02	; 2
    14f8:	31 05       	cpc	r19, r1
    14fa:	2c f4       	brge	.+10     	; 0x1506 <DIO_u8SetPortValue+0x3c>
    14fc:	8c 81       	ldd	r24, Y+4	; 0x04
    14fe:	9d 81       	ldd	r25, Y+5	; 0x05
    1500:	00 97       	sbiw	r24, 0x00	; 0
    1502:	61 f0       	breq	.+24     	; 0x151c <DIO_u8SetPortValue+0x52>
    1504:	1f c0       	rjmp	.+62     	; 0x1544 <DIO_u8SetPortValue+0x7a>
    1506:	2c 81       	ldd	r18, Y+4	; 0x04
    1508:	3d 81       	ldd	r19, Y+5	; 0x05
    150a:	22 30       	cpi	r18, 0x02	; 2
    150c:	31 05       	cpc	r19, r1
    150e:	81 f0       	breq	.+32     	; 0x1530 <DIO_u8SetPortValue+0x66>
    1510:	8c 81       	ldd	r24, Y+4	; 0x04
    1512:	9d 81       	ldd	r25, Y+5	; 0x05
    1514:	83 30       	cpi	r24, 0x03	; 3
    1516:	91 05       	cpc	r25, r1
    1518:	81 f0       	breq	.+32     	; 0x153a <DIO_u8SetPortValue+0x70>
    151a:	14 c0       	rjmp	.+40     	; 0x1544 <DIO_u8SetPortValue+0x7a>
		{
		case PORT_A: PORTA_REG = value; break;
    151c:	eb e3       	ldi	r30, 0x3B	; 59
    151e:	f0 e0       	ldi	r31, 0x00	; 0
    1520:	8b 81       	ldd	r24, Y+3	; 0x03
    1522:	80 83       	st	Z, r24
    1524:	11 c0       	rjmp	.+34     	; 0x1548 <DIO_u8SetPortValue+0x7e>
		case PORT_B: PORTB_REG = value; break;
    1526:	e8 e3       	ldi	r30, 0x38	; 56
    1528:	f0 e0       	ldi	r31, 0x00	; 0
    152a:	8b 81       	ldd	r24, Y+3	; 0x03
    152c:	80 83       	st	Z, r24
    152e:	0c c0       	rjmp	.+24     	; 0x1548 <DIO_u8SetPortValue+0x7e>
		case PORT_C: PORTC_REG = value; break;
    1530:	e5 e3       	ldi	r30, 0x35	; 53
    1532:	f0 e0       	ldi	r31, 0x00	; 0
    1534:	8b 81       	ldd	r24, Y+3	; 0x03
    1536:	80 83       	st	Z, r24
    1538:	07 c0       	rjmp	.+14     	; 0x1548 <DIO_u8SetPortValue+0x7e>
		case PORT_D: PORTD_REG = value; break;
    153a:	e2 e3       	ldi	r30, 0x32	; 50
    153c:	f0 e0       	ldi	r31, 0x00	; 0
    153e:	8b 81       	ldd	r24, Y+3	; 0x03
    1540:	80 83       	st	Z, r24
    1542:	02 c0       	rjmp	.+4      	; 0x1548 <DIO_u8SetPortValue+0x7e>
		default : error_status = E_NOK; break;
    1544:	81 e0       	ldi	r24, 0x01	; 1
    1546:	89 83       	std	Y+1, r24	; 0x01
		}
		return error_status;
    1548:	89 81       	ldd	r24, Y+1	; 0x01
}
    154a:	0f 90       	pop	r0
    154c:	0f 90       	pop	r0
    154e:	0f 90       	pop	r0
    1550:	0f 90       	pop	r0
    1552:	0f 90       	pop	r0
    1554:	cf 91       	pop	r28
    1556:	df 91       	pop	r29
    1558:	08 95       	ret

0000155a <DIO_u8GetPortValue>:
uint8_t DIO_u8GetPortValue(uint8_t port_id,uint8_t * value)
{
    155a:	df 93       	push	r29
    155c:	cf 93       	push	r28
    155e:	00 d0       	rcall	.+0      	; 0x1560 <DIO_u8GetPortValue+0x6>
    1560:	00 d0       	rcall	.+0      	; 0x1562 <DIO_u8GetPortValue+0x8>
    1562:	00 d0       	rcall	.+0      	; 0x1564 <DIO_u8GetPortValue+0xa>
    1564:	cd b7       	in	r28, 0x3d	; 61
    1566:	de b7       	in	r29, 0x3e	; 62
    1568:	8a 83       	std	Y+2, r24	; 0x02
    156a:	7c 83       	std	Y+4, r23	; 0x04
    156c:	6b 83       	std	Y+3, r22	; 0x03
	uint8_t error_status = E_OK;
    156e:	19 82       	std	Y+1, r1	; 0x01
		switch(port_id)
    1570:	8a 81       	ldd	r24, Y+2	; 0x02
    1572:	28 2f       	mov	r18, r24
    1574:	30 e0       	ldi	r19, 0x00	; 0
    1576:	3e 83       	std	Y+6, r19	; 0x06
    1578:	2d 83       	std	Y+5, r18	; 0x05
    157a:	8d 81       	ldd	r24, Y+5	; 0x05
    157c:	9e 81       	ldd	r25, Y+6	; 0x06
    157e:	81 30       	cpi	r24, 0x01	; 1
    1580:	91 05       	cpc	r25, r1
    1582:	e1 f0       	breq	.+56     	; 0x15bc <DIO_u8GetPortValue+0x62>
    1584:	2d 81       	ldd	r18, Y+5	; 0x05
    1586:	3e 81       	ldd	r19, Y+6	; 0x06
    1588:	22 30       	cpi	r18, 0x02	; 2
    158a:	31 05       	cpc	r19, r1
    158c:	2c f4       	brge	.+10     	; 0x1598 <DIO_u8GetPortValue+0x3e>
    158e:	8d 81       	ldd	r24, Y+5	; 0x05
    1590:	9e 81       	ldd	r25, Y+6	; 0x06
    1592:	00 97       	sbiw	r24, 0x00	; 0
    1594:	61 f0       	breq	.+24     	; 0x15ae <DIO_u8GetPortValue+0x54>
    1596:	27 c0       	rjmp	.+78     	; 0x15e6 <DIO_u8GetPortValue+0x8c>
    1598:	2d 81       	ldd	r18, Y+5	; 0x05
    159a:	3e 81       	ldd	r19, Y+6	; 0x06
    159c:	22 30       	cpi	r18, 0x02	; 2
    159e:	31 05       	cpc	r19, r1
    15a0:	a1 f0       	breq	.+40     	; 0x15ca <DIO_u8GetPortValue+0x70>
    15a2:	8d 81       	ldd	r24, Y+5	; 0x05
    15a4:	9e 81       	ldd	r25, Y+6	; 0x06
    15a6:	83 30       	cpi	r24, 0x03	; 3
    15a8:	91 05       	cpc	r25, r1
    15aa:	b1 f0       	breq	.+44     	; 0x15d8 <DIO_u8GetPortValue+0x7e>
    15ac:	1c c0       	rjmp	.+56     	; 0x15e6 <DIO_u8GetPortValue+0x8c>
		{
		case PORT_A: *value = PINA_REG; break;
    15ae:	e9 e3       	ldi	r30, 0x39	; 57
    15b0:	f0 e0       	ldi	r31, 0x00	; 0
    15b2:	80 81       	ld	r24, Z
    15b4:	eb 81       	ldd	r30, Y+3	; 0x03
    15b6:	fc 81       	ldd	r31, Y+4	; 0x04
    15b8:	80 83       	st	Z, r24
    15ba:	17 c0       	rjmp	.+46     	; 0x15ea <DIO_u8GetPortValue+0x90>
		case PORT_B: *value = PINB_REG; break;
    15bc:	e6 e3       	ldi	r30, 0x36	; 54
    15be:	f0 e0       	ldi	r31, 0x00	; 0
    15c0:	80 81       	ld	r24, Z
    15c2:	eb 81       	ldd	r30, Y+3	; 0x03
    15c4:	fc 81       	ldd	r31, Y+4	; 0x04
    15c6:	80 83       	st	Z, r24
    15c8:	10 c0       	rjmp	.+32     	; 0x15ea <DIO_u8GetPortValue+0x90>
		case PORT_C: *value = PINC_REG; break;
    15ca:	e3 e3       	ldi	r30, 0x33	; 51
    15cc:	f0 e0       	ldi	r31, 0x00	; 0
    15ce:	80 81       	ld	r24, Z
    15d0:	eb 81       	ldd	r30, Y+3	; 0x03
    15d2:	fc 81       	ldd	r31, Y+4	; 0x04
    15d4:	80 83       	st	Z, r24
    15d6:	09 c0       	rjmp	.+18     	; 0x15ea <DIO_u8GetPortValue+0x90>
		case PORT_D: *value = PIND_REG; break;
    15d8:	e0 e3       	ldi	r30, 0x30	; 48
    15da:	f0 e0       	ldi	r31, 0x00	; 0
    15dc:	80 81       	ld	r24, Z
    15de:	eb 81       	ldd	r30, Y+3	; 0x03
    15e0:	fc 81       	ldd	r31, Y+4	; 0x04
    15e2:	80 83       	st	Z, r24
    15e4:	02 c0       	rjmp	.+4      	; 0x15ea <DIO_u8GetPortValue+0x90>
		default : error_status = E_NOK; break;
    15e6:	81 e0       	ldi	r24, 0x01	; 1
    15e8:	89 83       	std	Y+1, r24	; 0x01
		}
		return error_status;
    15ea:	89 81       	ldd	r24, Y+1	; 0x01
}
    15ec:	26 96       	adiw	r28, 0x06	; 6
    15ee:	0f b6       	in	r0, 0x3f	; 63
    15f0:	f8 94       	cli
    15f2:	de bf       	out	0x3e, r29	; 62
    15f4:	0f be       	out	0x3f, r0	; 63
    15f6:	cd bf       	out	0x3d, r28	; 61
    15f8:	cf 91       	pop	r28
    15fa:	df 91       	pop	r29
    15fc:	08 95       	ret

000015fe <DIO_u8SetPortPullUpMode>:

uint8_t DIO_u8SetPortPullUpMode(uint8_t port_id,uint8_t mode)
{
    15fe:	df 93       	push	r29
    1600:	cf 93       	push	r28
    1602:	00 d0       	rcall	.+0      	; 0x1604 <DIO_u8SetPortPullUpMode+0x6>
    1604:	00 d0       	rcall	.+0      	; 0x1606 <DIO_u8SetPortPullUpMode+0x8>
    1606:	0f 92       	push	r0
    1608:	cd b7       	in	r28, 0x3d	; 61
    160a:	de b7       	in	r29, 0x3e	; 62
    160c:	8a 83       	std	Y+2, r24	; 0x02
    160e:	6b 83       	std	Y+3, r22	; 0x03
	uint8_t error_status = E_OK;
    1610:	19 82       	std	Y+1, r1	; 0x01
	switch(port_id)
    1612:	8a 81       	ldd	r24, Y+2	; 0x02
    1614:	28 2f       	mov	r18, r24
    1616:	30 e0       	ldi	r19, 0x00	; 0
    1618:	3d 83       	std	Y+5, r19	; 0x05
    161a:	2c 83       	std	Y+4, r18	; 0x04
    161c:	8c 81       	ldd	r24, Y+4	; 0x04
    161e:	9d 81       	ldd	r25, Y+5	; 0x05
    1620:	81 30       	cpi	r24, 0x01	; 1
    1622:	91 05       	cpc	r25, r1
    1624:	d1 f0       	breq	.+52     	; 0x165a <DIO_u8SetPortPullUpMode+0x5c>
    1626:	2c 81       	ldd	r18, Y+4	; 0x04
    1628:	3d 81       	ldd	r19, Y+5	; 0x05
    162a:	22 30       	cpi	r18, 0x02	; 2
    162c:	31 05       	cpc	r19, r1
    162e:	2c f4       	brge	.+10     	; 0x163a <DIO_u8SetPortPullUpMode+0x3c>
    1630:	8c 81       	ldd	r24, Y+4	; 0x04
    1632:	9d 81       	ldd	r25, Y+5	; 0x05
    1634:	00 97       	sbiw	r24, 0x00	; 0
    1636:	61 f0       	breq	.+24     	; 0x1650 <DIO_u8SetPortPullUpMode+0x52>
    1638:	1f c0       	rjmp	.+62     	; 0x1678 <DIO_u8SetPortPullUpMode+0x7a>
    163a:	2c 81       	ldd	r18, Y+4	; 0x04
    163c:	3d 81       	ldd	r19, Y+5	; 0x05
    163e:	22 30       	cpi	r18, 0x02	; 2
    1640:	31 05       	cpc	r19, r1
    1642:	81 f0       	breq	.+32     	; 0x1664 <DIO_u8SetPortPullUpMode+0x66>
    1644:	8c 81       	ldd	r24, Y+4	; 0x04
    1646:	9d 81       	ldd	r25, Y+5	; 0x05
    1648:	83 30       	cpi	r24, 0x03	; 3
    164a:	91 05       	cpc	r25, r1
    164c:	81 f0       	breq	.+32     	; 0x166e <DIO_u8SetPortPullUpMode+0x70>
    164e:	14 c0       	rjmp	.+40     	; 0x1678 <DIO_u8SetPortPullUpMode+0x7a>
	{
	case PORT_A: PORTA_REG=mode; break;
    1650:	eb e3       	ldi	r30, 0x3B	; 59
    1652:	f0 e0       	ldi	r31, 0x00	; 0
    1654:	8b 81       	ldd	r24, Y+3	; 0x03
    1656:	80 83       	st	Z, r24
    1658:	11 c0       	rjmp	.+34     	; 0x167c <DIO_u8SetPortPullUpMode+0x7e>
	case PORT_B: PORTB_REG=mode; break;
    165a:	e8 e3       	ldi	r30, 0x38	; 56
    165c:	f0 e0       	ldi	r31, 0x00	; 0
    165e:	8b 81       	ldd	r24, Y+3	; 0x03
    1660:	80 83       	st	Z, r24
    1662:	0c c0       	rjmp	.+24     	; 0x167c <DIO_u8SetPortPullUpMode+0x7e>
	case PORT_C: PORTC_REG=mode; break;
    1664:	e5 e3       	ldi	r30, 0x35	; 53
    1666:	f0 e0       	ldi	r31, 0x00	; 0
    1668:	8b 81       	ldd	r24, Y+3	; 0x03
    166a:	80 83       	st	Z, r24
    166c:	07 c0       	rjmp	.+14     	; 0x167c <DIO_u8SetPortPullUpMode+0x7e>
	case PORT_D: PORTD_REG=mode; break;
    166e:	e2 e3       	ldi	r30, 0x32	; 50
    1670:	f0 e0       	ldi	r31, 0x00	; 0
    1672:	8b 81       	ldd	r24, Y+3	; 0x03
    1674:	80 83       	st	Z, r24
    1676:	02 c0       	rjmp	.+4      	; 0x167c <DIO_u8SetPortPullUpMode+0x7e>
	default : error_status = E_NOK; break;
    1678:	81 e0       	ldi	r24, 0x01	; 1
    167a:	89 83       	std	Y+1, r24	; 0x01
	}
	return error_status;
    167c:	89 81       	ldd	r24, Y+1	; 0x01
}
    167e:	0f 90       	pop	r0
    1680:	0f 90       	pop	r0
    1682:	0f 90       	pop	r0
    1684:	0f 90       	pop	r0
    1686:	0f 90       	pop	r0
    1688:	cf 91       	pop	r28
    168a:	df 91       	pop	r29
    168c:	08 95       	ret

0000168e <LCD_vidWriteData>:
#include"LCD_Config.h"

uint8_t next_char_position = 0;

void LCD_vidWriteData(uint8_t data)
{
    168e:	df 93       	push	r29
    1690:	cf 93       	push	r28
    1692:	cd b7       	in	r28, 0x3d	; 61
    1694:	de b7       	in	r29, 0x3e	; 62
    1696:	2f 97       	sbiw	r28, 0x0f	; 15
    1698:	0f b6       	in	r0, 0x3f	; 63
    169a:	f8 94       	cli
    169c:	de bf       	out	0x3e, r29	; 62
    169e:	0f be       	out	0x3f, r0	; 63
    16a0:	cd bf       	out	0x3d, r28	; 61
    16a2:	8f 87       	std	Y+15, r24	; 0x0f
	DIO_u8SetPinValue(LCD_RS_PORT,LCD_RS_PIN,HIGH);
    16a4:	82 e0       	ldi	r24, 0x02	; 2
    16a6:	67 e0       	ldi	r22, 0x07	; 7
    16a8:	41 e0       	ldi	r20, 0x01	; 1
    16aa:	0e 94 a4 06 	call	0xd48	; 0xd48 <DIO_u8SetPinValue>
	DIO_u8SetPinValue(LCD_RW_PORT,LCD_RW_PIN,LOW);
    16ae:	82 e0       	ldi	r24, 0x02	; 2
    16b0:	65 e0       	ldi	r22, 0x05	; 5
    16b2:	40 e0       	ldi	r20, 0x00	; 0
    16b4:	0e 94 a4 06 	call	0xd48	; 0xd48 <DIO_u8SetPinValue>
	DIO_u8SetPortValue(LCD_Data_PORT,data);
    16b8:	81 e0       	ldi	r24, 0x01	; 1
    16ba:	6f 85       	ldd	r22, Y+15	; 0x0f
    16bc:	0e 94 65 0a 	call	0x14ca	; 0x14ca <DIO_u8SetPortValue>
	DIO_u8SetPinValue(LCD_EN_PORT,LCD_EN_PIN,HIGH);
    16c0:	82 e0       	ldi	r24, 0x02	; 2
    16c2:	66 e0       	ldi	r22, 0x06	; 6
    16c4:	41 e0       	ldi	r20, 0x01	; 1
    16c6:	0e 94 a4 06 	call	0xd48	; 0xd48 <DIO_u8SetPinValue>
    16ca:	80 e0       	ldi	r24, 0x00	; 0
    16cc:	90 e0       	ldi	r25, 0x00	; 0
    16ce:	a0 e0       	ldi	r26, 0x00	; 0
    16d0:	b0 e4       	ldi	r27, 0x40	; 64
    16d2:	8b 87       	std	Y+11, r24	; 0x0b
    16d4:	9c 87       	std	Y+12, r25	; 0x0c
    16d6:	ad 87       	std	Y+13, r26	; 0x0d
    16d8:	be 87       	std	Y+14, r27	; 0x0e
 */
void
_delay_ms(double __ms)
{
	uint16_t __ticks;
	double __tmp = ((F_CPU) / 4e3) * __ms;
    16da:	6b 85       	ldd	r22, Y+11	; 0x0b
    16dc:	7c 85       	ldd	r23, Y+12	; 0x0c
    16de:	8d 85       	ldd	r24, Y+13	; 0x0d
    16e0:	9e 85       	ldd	r25, Y+14	; 0x0e
    16e2:	20 e0       	ldi	r18, 0x00	; 0
    16e4:	30 e0       	ldi	r19, 0x00	; 0
    16e6:	4a ef       	ldi	r20, 0xFA	; 250
    16e8:	54 e4       	ldi	r21, 0x44	; 68
    16ea:	0e 94 1f 02 	call	0x43e	; 0x43e <__mulsf3>
    16ee:	dc 01       	movw	r26, r24
    16f0:	cb 01       	movw	r24, r22
    16f2:	8f 83       	std	Y+7, r24	; 0x07
    16f4:	98 87       	std	Y+8, r25	; 0x08
    16f6:	a9 87       	std	Y+9, r26	; 0x09
    16f8:	ba 87       	std	Y+10, r27	; 0x0a
	if (__tmp < 1.0)
    16fa:	6f 81       	ldd	r22, Y+7	; 0x07
    16fc:	78 85       	ldd	r23, Y+8	; 0x08
    16fe:	89 85       	ldd	r24, Y+9	; 0x09
    1700:	9a 85       	ldd	r25, Y+10	; 0x0a
    1702:	20 e0       	ldi	r18, 0x00	; 0
    1704:	30 e0       	ldi	r19, 0x00	; 0
    1706:	40 e8       	ldi	r20, 0x80	; 128
    1708:	5f e3       	ldi	r21, 0x3F	; 63
    170a:	0e 94 79 03 	call	0x6f2	; 0x6f2 <__ltsf2>
    170e:	88 23       	and	r24, r24
    1710:	2c f4       	brge	.+10     	; 0x171c <LCD_vidWriteData+0x8e>
		__ticks = 1;
    1712:	81 e0       	ldi	r24, 0x01	; 1
    1714:	90 e0       	ldi	r25, 0x00	; 0
    1716:	9e 83       	std	Y+6, r25	; 0x06
    1718:	8d 83       	std	Y+5, r24	; 0x05
    171a:	3f c0       	rjmp	.+126    	; 0x179a <LCD_vidWriteData+0x10c>
	else if (__tmp > 65535)
    171c:	6f 81       	ldd	r22, Y+7	; 0x07
    171e:	78 85       	ldd	r23, Y+8	; 0x08
    1720:	89 85       	ldd	r24, Y+9	; 0x09
    1722:	9a 85       	ldd	r25, Y+10	; 0x0a
    1724:	20 e0       	ldi	r18, 0x00	; 0
    1726:	3f ef       	ldi	r19, 0xFF	; 255
    1728:	4f e7       	ldi	r20, 0x7F	; 127
    172a:	57 e4       	ldi	r21, 0x47	; 71
    172c:	0e 94 19 03 	call	0x632	; 0x632 <__gtsf2>
    1730:	18 16       	cp	r1, r24
    1732:	4c f5       	brge	.+82     	; 0x1786 <LCD_vidWriteData+0xf8>
	{
		//	__ticks = requested delay in 1/10 ms
		__ticks = (uint16_t) (__ms * 10.0);
    1734:	6b 85       	ldd	r22, Y+11	; 0x0b
    1736:	7c 85       	ldd	r23, Y+12	; 0x0c
    1738:	8d 85       	ldd	r24, Y+13	; 0x0d
    173a:	9e 85       	ldd	r25, Y+14	; 0x0e
    173c:	20 e0       	ldi	r18, 0x00	; 0
    173e:	30 e0       	ldi	r19, 0x00	; 0
    1740:	40 e2       	ldi	r20, 0x20	; 32
    1742:	51 e4       	ldi	r21, 0x41	; 65
    1744:	0e 94 1f 02 	call	0x43e	; 0x43e <__mulsf3>
    1748:	dc 01       	movw	r26, r24
    174a:	cb 01       	movw	r24, r22
    174c:	bc 01       	movw	r22, r24
    174e:	cd 01       	movw	r24, r26
    1750:	0e 94 49 00 	call	0x92	; 0x92 <__fixunssfsi>
    1754:	dc 01       	movw	r26, r24
    1756:	cb 01       	movw	r24, r22
    1758:	9e 83       	std	Y+6, r25	; 0x06
    175a:	8d 83       	std	Y+5, r24	; 0x05
    175c:	0f c0       	rjmp	.+30     	; 0x177c <LCD_vidWriteData+0xee>
    175e:	88 ec       	ldi	r24, 0xC8	; 200
    1760:	90 e0       	ldi	r25, 0x00	; 0
    1762:	9c 83       	std	Y+4, r25	; 0x04
    1764:	8b 83       	std	Y+3, r24	; 0x03
    milliseconds can be achieved.
 */
void
_delay_loop_2(uint16_t __count)
{
	__asm__ volatile (
    1766:	8b 81       	ldd	r24, Y+3	; 0x03
    1768:	9c 81       	ldd	r25, Y+4	; 0x04
    176a:	01 97       	sbiw	r24, 0x01	; 1
    176c:	f1 f7       	brne	.-4      	; 0x176a <LCD_vidWriteData+0xdc>
    176e:	9c 83       	std	Y+4, r25	; 0x04
    1770:	8b 83       	std	Y+3, r24	; 0x03
		while(__ticks)
		{
			// wait 1/10 ms
			_delay_loop_2(((F_CPU) / 4e3) / 10);
			__ticks --;
    1772:	8d 81       	ldd	r24, Y+5	; 0x05
    1774:	9e 81       	ldd	r25, Y+6	; 0x06
    1776:	01 97       	sbiw	r24, 0x01	; 1
    1778:	9e 83       	std	Y+6, r25	; 0x06
    177a:	8d 83       	std	Y+5, r24	; 0x05
		__ticks = 1;
	else if (__tmp > 65535)
	{
		//	__ticks = requested delay in 1/10 ms
		__ticks = (uint16_t) (__ms * 10.0);
		while(__ticks)
    177c:	8d 81       	ldd	r24, Y+5	; 0x05
    177e:	9e 81       	ldd	r25, Y+6	; 0x06
    1780:	00 97       	sbiw	r24, 0x00	; 0
    1782:	69 f7       	brne	.-38     	; 0x175e <LCD_vidWriteData+0xd0>
    1784:	14 c0       	rjmp	.+40     	; 0x17ae <LCD_vidWriteData+0x120>
			__ticks --;
		}
		return;
	}
	else
		__ticks = (uint16_t)__tmp;
    1786:	6f 81       	ldd	r22, Y+7	; 0x07
    1788:	78 85       	ldd	r23, Y+8	; 0x08
    178a:	89 85       	ldd	r24, Y+9	; 0x09
    178c:	9a 85       	ldd	r25, Y+10	; 0x0a
    178e:	0e 94 49 00 	call	0x92	; 0x92 <__fixunssfsi>
    1792:	dc 01       	movw	r26, r24
    1794:	cb 01       	movw	r24, r22
    1796:	9e 83       	std	Y+6, r25	; 0x06
    1798:	8d 83       	std	Y+5, r24	; 0x05
    179a:	8d 81       	ldd	r24, Y+5	; 0x05
    179c:	9e 81       	ldd	r25, Y+6	; 0x06
    179e:	9a 83       	std	Y+2, r25	; 0x02
    17a0:	89 83       	std	Y+1, r24	; 0x01
    17a2:	89 81       	ldd	r24, Y+1	; 0x01
    17a4:	9a 81       	ldd	r25, Y+2	; 0x02
    17a6:	01 97       	sbiw	r24, 0x01	; 1
    17a8:	f1 f7       	brne	.-4      	; 0x17a6 <LCD_vidWriteData+0x118>
    17aa:	9a 83       	std	Y+2, r25	; 0x02
    17ac:	89 83       	std	Y+1, r24	; 0x01
	_delay_ms(2);
	DIO_u8SetPinValue(LCD_EN_PORT,LCD_EN_PIN,LOW);
    17ae:	82 e0       	ldi	r24, 0x02	; 2
    17b0:	66 e0       	ldi	r22, 0x06	; 6
    17b2:	40 e0       	ldi	r20, 0x00	; 0
    17b4:	0e 94 a4 06 	call	0xd48	; 0xd48 <DIO_u8SetPinValue>
}
    17b8:	2f 96       	adiw	r28, 0x0f	; 15
    17ba:	0f b6       	in	r0, 0x3f	; 63
    17bc:	f8 94       	cli
    17be:	de bf       	out	0x3e, r29	; 62
    17c0:	0f be       	out	0x3f, r0	; 63
    17c2:	cd bf       	out	0x3d, r28	; 61
    17c4:	cf 91       	pop	r28
    17c6:	df 91       	pop	r29
    17c8:	08 95       	ret

000017ca <LCD_vidWriteCmd>:

void LCD_vidWriteCmd(uint8_t command)
{
    17ca:	df 93       	push	r29
    17cc:	cf 93       	push	r28
    17ce:	cd b7       	in	r28, 0x3d	; 61
    17d0:	de b7       	in	r29, 0x3e	; 62
    17d2:	2f 97       	sbiw	r28, 0x0f	; 15
    17d4:	0f b6       	in	r0, 0x3f	; 63
    17d6:	f8 94       	cli
    17d8:	de bf       	out	0x3e, r29	; 62
    17da:	0f be       	out	0x3f, r0	; 63
    17dc:	cd bf       	out	0x3d, r28	; 61
    17de:	8f 87       	std	Y+15, r24	; 0x0f
	DIO_u8SetPinValue(LCD_RS_PORT,LCD_RS_PIN,LOW);
    17e0:	82 e0       	ldi	r24, 0x02	; 2
    17e2:	67 e0       	ldi	r22, 0x07	; 7
    17e4:	40 e0       	ldi	r20, 0x00	; 0
    17e6:	0e 94 a4 06 	call	0xd48	; 0xd48 <DIO_u8SetPinValue>
	DIO_u8SetPinValue(LCD_RW_PORT,LCD_RW_PIN,LOW);
    17ea:	82 e0       	ldi	r24, 0x02	; 2
    17ec:	65 e0       	ldi	r22, 0x05	; 5
    17ee:	40 e0       	ldi	r20, 0x00	; 0
    17f0:	0e 94 a4 06 	call	0xd48	; 0xd48 <DIO_u8SetPinValue>
	DIO_u8SetPortValue(LCD_Data_PORT,command);
    17f4:	81 e0       	ldi	r24, 0x01	; 1
    17f6:	6f 85       	ldd	r22, Y+15	; 0x0f
    17f8:	0e 94 65 0a 	call	0x14ca	; 0x14ca <DIO_u8SetPortValue>
	DIO_u8SetPinValue(LCD_EN_PORT,LCD_EN_PIN,HIGH);
    17fc:	82 e0       	ldi	r24, 0x02	; 2
    17fe:	66 e0       	ldi	r22, 0x06	; 6
    1800:	41 e0       	ldi	r20, 0x01	; 1
    1802:	0e 94 a4 06 	call	0xd48	; 0xd48 <DIO_u8SetPinValue>
    1806:	80 e0       	ldi	r24, 0x00	; 0
    1808:	90 e0       	ldi	r25, 0x00	; 0
    180a:	a0 e0       	ldi	r26, 0x00	; 0
    180c:	b0 e4       	ldi	r27, 0x40	; 64
    180e:	8b 87       	std	Y+11, r24	; 0x0b
    1810:	9c 87       	std	Y+12, r25	; 0x0c
    1812:	ad 87       	std	Y+13, r26	; 0x0d
    1814:	be 87       	std	Y+14, r27	; 0x0e
 */
void
_delay_ms(double __ms)
{
	uint16_t __ticks;
	double __tmp = ((F_CPU) / 4e3) * __ms;
    1816:	6b 85       	ldd	r22, Y+11	; 0x0b
    1818:	7c 85       	ldd	r23, Y+12	; 0x0c
    181a:	8d 85       	ldd	r24, Y+13	; 0x0d
    181c:	9e 85       	ldd	r25, Y+14	; 0x0e
    181e:	20 e0       	ldi	r18, 0x00	; 0
    1820:	30 e0       	ldi	r19, 0x00	; 0
    1822:	4a ef       	ldi	r20, 0xFA	; 250
    1824:	54 e4       	ldi	r21, 0x44	; 68
    1826:	0e 94 1f 02 	call	0x43e	; 0x43e <__mulsf3>
    182a:	dc 01       	movw	r26, r24
    182c:	cb 01       	movw	r24, r22
    182e:	8f 83       	std	Y+7, r24	; 0x07
    1830:	98 87       	std	Y+8, r25	; 0x08
    1832:	a9 87       	std	Y+9, r26	; 0x09
    1834:	ba 87       	std	Y+10, r27	; 0x0a
	if (__tmp < 1.0)
    1836:	6f 81       	ldd	r22, Y+7	; 0x07
    1838:	78 85       	ldd	r23, Y+8	; 0x08
    183a:	89 85       	ldd	r24, Y+9	; 0x09
    183c:	9a 85       	ldd	r25, Y+10	; 0x0a
    183e:	20 e0       	ldi	r18, 0x00	; 0
    1840:	30 e0       	ldi	r19, 0x00	; 0
    1842:	40 e8       	ldi	r20, 0x80	; 128
    1844:	5f e3       	ldi	r21, 0x3F	; 63
    1846:	0e 94 79 03 	call	0x6f2	; 0x6f2 <__ltsf2>
    184a:	88 23       	and	r24, r24
    184c:	2c f4       	brge	.+10     	; 0x1858 <LCD_vidWriteCmd+0x8e>
		__ticks = 1;
    184e:	81 e0       	ldi	r24, 0x01	; 1
    1850:	90 e0       	ldi	r25, 0x00	; 0
    1852:	9e 83       	std	Y+6, r25	; 0x06
    1854:	8d 83       	std	Y+5, r24	; 0x05
    1856:	3f c0       	rjmp	.+126    	; 0x18d6 <LCD_vidWriteCmd+0x10c>
	else if (__tmp > 65535)
    1858:	6f 81       	ldd	r22, Y+7	; 0x07
    185a:	78 85       	ldd	r23, Y+8	; 0x08
    185c:	89 85       	ldd	r24, Y+9	; 0x09
    185e:	9a 85       	ldd	r25, Y+10	; 0x0a
    1860:	20 e0       	ldi	r18, 0x00	; 0
    1862:	3f ef       	ldi	r19, 0xFF	; 255
    1864:	4f e7       	ldi	r20, 0x7F	; 127
    1866:	57 e4       	ldi	r21, 0x47	; 71
    1868:	0e 94 19 03 	call	0x632	; 0x632 <__gtsf2>
    186c:	18 16       	cp	r1, r24
    186e:	4c f5       	brge	.+82     	; 0x18c2 <LCD_vidWriteCmd+0xf8>
	{
		//	__ticks = requested delay in 1/10 ms
		__ticks = (uint16_t) (__ms * 10.0);
    1870:	6b 85       	ldd	r22, Y+11	; 0x0b
    1872:	7c 85       	ldd	r23, Y+12	; 0x0c
    1874:	8d 85       	ldd	r24, Y+13	; 0x0d
    1876:	9e 85       	ldd	r25, Y+14	; 0x0e
    1878:	20 e0       	ldi	r18, 0x00	; 0
    187a:	30 e0       	ldi	r19, 0x00	; 0
    187c:	40 e2       	ldi	r20, 0x20	; 32
    187e:	51 e4       	ldi	r21, 0x41	; 65
    1880:	0e 94 1f 02 	call	0x43e	; 0x43e <__mulsf3>
    1884:	dc 01       	movw	r26, r24
    1886:	cb 01       	movw	r24, r22
    1888:	bc 01       	movw	r22, r24
    188a:	cd 01       	movw	r24, r26
    188c:	0e 94 49 00 	call	0x92	; 0x92 <__fixunssfsi>
    1890:	dc 01       	movw	r26, r24
    1892:	cb 01       	movw	r24, r22
    1894:	9e 83       	std	Y+6, r25	; 0x06
    1896:	8d 83       	std	Y+5, r24	; 0x05
    1898:	0f c0       	rjmp	.+30     	; 0x18b8 <LCD_vidWriteCmd+0xee>
    189a:	88 ec       	ldi	r24, 0xC8	; 200
    189c:	90 e0       	ldi	r25, 0x00	; 0
    189e:	9c 83       	std	Y+4, r25	; 0x04
    18a0:	8b 83       	std	Y+3, r24	; 0x03
    18a2:	8b 81       	ldd	r24, Y+3	; 0x03
    18a4:	9c 81       	ldd	r25, Y+4	; 0x04
    18a6:	01 97       	sbiw	r24, 0x01	; 1
    18a8:	f1 f7       	brne	.-4      	; 0x18a6 <LCD_vidWriteCmd+0xdc>
    18aa:	9c 83       	std	Y+4, r25	; 0x04
    18ac:	8b 83       	std	Y+3, r24	; 0x03
		while(__ticks)
		{
			// wait 1/10 ms
			_delay_loop_2(((F_CPU) / 4e3) / 10);
			__ticks --;
    18ae:	8d 81       	ldd	r24, Y+5	; 0x05
    18b0:	9e 81       	ldd	r25, Y+6	; 0x06
    18b2:	01 97       	sbiw	r24, 0x01	; 1
    18b4:	9e 83       	std	Y+6, r25	; 0x06
    18b6:	8d 83       	std	Y+5, r24	; 0x05
		__ticks = 1;
	else if (__tmp > 65535)
	{
		//	__ticks = requested delay in 1/10 ms
		__ticks = (uint16_t) (__ms * 10.0);
		while(__ticks)
    18b8:	8d 81       	ldd	r24, Y+5	; 0x05
    18ba:	9e 81       	ldd	r25, Y+6	; 0x06
    18bc:	00 97       	sbiw	r24, 0x00	; 0
    18be:	69 f7       	brne	.-38     	; 0x189a <LCD_vidWriteCmd+0xd0>
    18c0:	14 c0       	rjmp	.+40     	; 0x18ea <LCD_vidWriteCmd+0x120>
			__ticks --;
		}
		return;
	}
	else
		__ticks = (uint16_t)__tmp;
    18c2:	6f 81       	ldd	r22, Y+7	; 0x07
    18c4:	78 85       	ldd	r23, Y+8	; 0x08
    18c6:	89 85       	ldd	r24, Y+9	; 0x09
    18c8:	9a 85       	ldd	r25, Y+10	; 0x0a
    18ca:	0e 94 49 00 	call	0x92	; 0x92 <__fixunssfsi>
    18ce:	dc 01       	movw	r26, r24
    18d0:	cb 01       	movw	r24, r22
    18d2:	9e 83       	std	Y+6, r25	; 0x06
    18d4:	8d 83       	std	Y+5, r24	; 0x05
    18d6:	8d 81       	ldd	r24, Y+5	; 0x05
    18d8:	9e 81       	ldd	r25, Y+6	; 0x06
    18da:	9a 83       	std	Y+2, r25	; 0x02
    18dc:	89 83       	std	Y+1, r24	; 0x01
    18de:	89 81       	ldd	r24, Y+1	; 0x01
    18e0:	9a 81       	ldd	r25, Y+2	; 0x02
    18e2:	01 97       	sbiw	r24, 0x01	; 1
    18e4:	f1 f7       	brne	.-4      	; 0x18e2 <LCD_vidWriteCmd+0x118>
    18e6:	9a 83       	std	Y+2, r25	; 0x02
    18e8:	89 83       	std	Y+1, r24	; 0x01
	_delay_ms(2);
	DIO_u8SetPinValue(LCD_EN_PORT,LCD_EN_PIN,LOW);
    18ea:	82 e0       	ldi	r24, 0x02	; 2
    18ec:	66 e0       	ldi	r22, 0x06	; 6
    18ee:	40 e0       	ldi	r20, 0x00	; 0
    18f0:	0e 94 a4 06 	call	0xd48	; 0xd48 <DIO_u8SetPinValue>
}
    18f4:	2f 96       	adiw	r28, 0x0f	; 15
    18f6:	0f b6       	in	r0, 0x3f	; 63
    18f8:	f8 94       	cli
    18fa:	de bf       	out	0x3e, r29	; 62
    18fc:	0f be       	out	0x3f, r0	; 63
    18fe:	cd bf       	out	0x3d, r28	; 61
    1900:	cf 91       	pop	r28
    1902:	df 91       	pop	r29
    1904:	08 95       	ret

00001906 <LCD_vidInit>:

void LCD_vidInit(void)
{
    1906:	df 93       	push	r29
    1908:	cf 93       	push	r28
    190a:	cd b7       	in	r28, 0x3d	; 61
    190c:	de b7       	in	r29, 0x3e	; 62
    190e:	e8 97       	sbiw	r28, 0x38	; 56
    1910:	0f b6       	in	r0, 0x3f	; 63
    1912:	f8 94       	cli
    1914:	de bf       	out	0x3e, r29	; 62
    1916:	0f be       	out	0x3f, r0	; 63
    1918:	cd bf       	out	0x3d, r28	; 61
	DIO_u8SetPinMode(LCD_RS_PORT,LCD_RS_PIN,OUTPUT);
    191a:	82 e0       	ldi	r24, 0x02	; 2
    191c:	67 e0       	ldi	r22, 0x07	; 7
    191e:	41 e0       	ldi	r20, 0x01	; 1
    1920:	0e 94 a3 05 	call	0xb46	; 0xb46 <DIO_u8SetPinMode>
	DIO_u8SetPinMode(LCD_RW_PORT,LCD_RW_PIN,OUTPUT);
    1924:	82 e0       	ldi	r24, 0x02	; 2
    1926:	65 e0       	ldi	r22, 0x05	; 5
    1928:	41 e0       	ldi	r20, 0x01	; 1
    192a:	0e 94 a3 05 	call	0xb46	; 0xb46 <DIO_u8SetPinMode>
	DIO_u8SetPinMode(LCD_EN_PORT,LCD_EN_PIN,OUTPUT);
    192e:	82 e0       	ldi	r24, 0x02	; 2
    1930:	66 e0       	ldi	r22, 0x06	; 6
    1932:	41 e0       	ldi	r20, 0x01	; 1
    1934:	0e 94 a3 05 	call	0xb46	; 0xb46 <DIO_u8SetPinMode>
	DIO_u8SetPortMode(LCD_Data_PORT,255);
    1938:	81 e0       	ldi	r24, 0x01	; 1
    193a:	6f ef       	ldi	r22, 0xFF	; 255
    193c:	0e 94 1d 0a 	call	0x143a	; 0x143a <DIO_u8SetPortMode>
    1940:	80 e0       	ldi	r24, 0x00	; 0
    1942:	90 e0       	ldi	r25, 0x00	; 0
    1944:	a0 e2       	ldi	r26, 0x20	; 32
    1946:	b2 e4       	ldi	r27, 0x42	; 66
    1948:	8d ab       	std	Y+53, r24	; 0x35
    194a:	9e ab       	std	Y+54, r25	; 0x36
    194c:	af ab       	std	Y+55, r26	; 0x37
    194e:	b8 af       	std	Y+56, r27	; 0x38
 */
void
_delay_ms(double __ms)
{
	uint16_t __ticks;
	double __tmp = ((F_CPU) / 4e3) * __ms;
    1950:	6d a9       	ldd	r22, Y+53	; 0x35
    1952:	7e a9       	ldd	r23, Y+54	; 0x36
    1954:	8f a9       	ldd	r24, Y+55	; 0x37
    1956:	98 ad       	ldd	r25, Y+56	; 0x38
    1958:	20 e0       	ldi	r18, 0x00	; 0
    195a:	30 e0       	ldi	r19, 0x00	; 0
    195c:	4a ef       	ldi	r20, 0xFA	; 250
    195e:	54 e4       	ldi	r21, 0x44	; 68
    1960:	0e 94 1f 02 	call	0x43e	; 0x43e <__mulsf3>
    1964:	dc 01       	movw	r26, r24
    1966:	cb 01       	movw	r24, r22
    1968:	89 ab       	std	Y+49, r24	; 0x31
    196a:	9a ab       	std	Y+50, r25	; 0x32
    196c:	ab ab       	std	Y+51, r26	; 0x33
    196e:	bc ab       	std	Y+52, r27	; 0x34
	if (__tmp < 1.0)
    1970:	69 a9       	ldd	r22, Y+49	; 0x31
    1972:	7a a9       	ldd	r23, Y+50	; 0x32
    1974:	8b a9       	ldd	r24, Y+51	; 0x33
    1976:	9c a9       	ldd	r25, Y+52	; 0x34
    1978:	20 e0       	ldi	r18, 0x00	; 0
    197a:	30 e0       	ldi	r19, 0x00	; 0
    197c:	40 e8       	ldi	r20, 0x80	; 128
    197e:	5f e3       	ldi	r21, 0x3F	; 63
    1980:	0e 94 79 03 	call	0x6f2	; 0x6f2 <__ltsf2>
    1984:	88 23       	and	r24, r24
    1986:	2c f4       	brge	.+10     	; 0x1992 <LCD_vidInit+0x8c>
		__ticks = 1;
    1988:	81 e0       	ldi	r24, 0x01	; 1
    198a:	90 e0       	ldi	r25, 0x00	; 0
    198c:	98 ab       	std	Y+48, r25	; 0x30
    198e:	8f a7       	std	Y+47, r24	; 0x2f
    1990:	3f c0       	rjmp	.+126    	; 0x1a10 <LCD_vidInit+0x10a>
	else if (__tmp > 65535)
    1992:	69 a9       	ldd	r22, Y+49	; 0x31
    1994:	7a a9       	ldd	r23, Y+50	; 0x32
    1996:	8b a9       	ldd	r24, Y+51	; 0x33
    1998:	9c a9       	ldd	r25, Y+52	; 0x34
    199a:	20 e0       	ldi	r18, 0x00	; 0
    199c:	3f ef       	ldi	r19, 0xFF	; 255
    199e:	4f e7       	ldi	r20, 0x7F	; 127
    19a0:	57 e4       	ldi	r21, 0x47	; 71
    19a2:	0e 94 19 03 	call	0x632	; 0x632 <__gtsf2>
    19a6:	18 16       	cp	r1, r24
    19a8:	4c f5       	brge	.+82     	; 0x19fc <LCD_vidInit+0xf6>
	{
		//	__ticks = requested delay in 1/10 ms
		__ticks = (uint16_t) (__ms * 10.0);
    19aa:	6d a9       	ldd	r22, Y+53	; 0x35
    19ac:	7e a9       	ldd	r23, Y+54	; 0x36
    19ae:	8f a9       	ldd	r24, Y+55	; 0x37
    19b0:	98 ad       	ldd	r25, Y+56	; 0x38
    19b2:	20 e0       	ldi	r18, 0x00	; 0
    19b4:	30 e0       	ldi	r19, 0x00	; 0
    19b6:	40 e2       	ldi	r20, 0x20	; 32
    19b8:	51 e4       	ldi	r21, 0x41	; 65
    19ba:	0e 94 1f 02 	call	0x43e	; 0x43e <__mulsf3>
    19be:	dc 01       	movw	r26, r24
    19c0:	cb 01       	movw	r24, r22
    19c2:	bc 01       	movw	r22, r24
    19c4:	cd 01       	movw	r24, r26
    19c6:	0e 94 49 00 	call	0x92	; 0x92 <__fixunssfsi>
    19ca:	dc 01       	movw	r26, r24
    19cc:	cb 01       	movw	r24, r22
    19ce:	98 ab       	std	Y+48, r25	; 0x30
    19d0:	8f a7       	std	Y+47, r24	; 0x2f
    19d2:	0f c0       	rjmp	.+30     	; 0x19f2 <LCD_vidInit+0xec>
    19d4:	88 ec       	ldi	r24, 0xC8	; 200
    19d6:	90 e0       	ldi	r25, 0x00	; 0
    19d8:	9e a7       	std	Y+46, r25	; 0x2e
    19da:	8d a7       	std	Y+45, r24	; 0x2d
    19dc:	8d a5       	ldd	r24, Y+45	; 0x2d
    19de:	9e a5       	ldd	r25, Y+46	; 0x2e
    19e0:	01 97       	sbiw	r24, 0x01	; 1
    19e2:	f1 f7       	brne	.-4      	; 0x19e0 <LCD_vidInit+0xda>
    19e4:	9e a7       	std	Y+46, r25	; 0x2e
    19e6:	8d a7       	std	Y+45, r24	; 0x2d
		while(__ticks)
		{
			// wait 1/10 ms
			_delay_loop_2(((F_CPU) / 4e3) / 10);
			__ticks --;
    19e8:	8f a5       	ldd	r24, Y+47	; 0x2f
    19ea:	98 a9       	ldd	r25, Y+48	; 0x30
    19ec:	01 97       	sbiw	r24, 0x01	; 1
    19ee:	98 ab       	std	Y+48, r25	; 0x30
    19f0:	8f a7       	std	Y+47, r24	; 0x2f
		__ticks = 1;
	else if (__tmp > 65535)
	{
		//	__ticks = requested delay in 1/10 ms
		__ticks = (uint16_t) (__ms * 10.0);
		while(__ticks)
    19f2:	8f a5       	ldd	r24, Y+47	; 0x2f
    19f4:	98 a9       	ldd	r25, Y+48	; 0x30
    19f6:	00 97       	sbiw	r24, 0x00	; 0
    19f8:	69 f7       	brne	.-38     	; 0x19d4 <LCD_vidInit+0xce>
    19fa:	14 c0       	rjmp	.+40     	; 0x1a24 <LCD_vidInit+0x11e>
			__ticks --;
		}
		return;
	}
	else
		__ticks = (uint16_t)__tmp;
    19fc:	69 a9       	ldd	r22, Y+49	; 0x31
    19fe:	7a a9       	ldd	r23, Y+50	; 0x32
    1a00:	8b a9       	ldd	r24, Y+51	; 0x33
    1a02:	9c a9       	ldd	r25, Y+52	; 0x34
    1a04:	0e 94 49 00 	call	0x92	; 0x92 <__fixunssfsi>
    1a08:	dc 01       	movw	r26, r24
    1a0a:	cb 01       	movw	r24, r22
    1a0c:	98 ab       	std	Y+48, r25	; 0x30
    1a0e:	8f a7       	std	Y+47, r24	; 0x2f
    1a10:	8f a5       	ldd	r24, Y+47	; 0x2f
    1a12:	98 a9       	ldd	r25, Y+48	; 0x30
    1a14:	9c a7       	std	Y+44, r25	; 0x2c
    1a16:	8b a7       	std	Y+43, r24	; 0x2b
    1a18:	8b a5       	ldd	r24, Y+43	; 0x2b
    1a1a:	9c a5       	ldd	r25, Y+44	; 0x2c
    1a1c:	01 97       	sbiw	r24, 0x01	; 1
    1a1e:	f1 f7       	brne	.-4      	; 0x1a1c <LCD_vidInit+0x116>
    1a20:	9c a7       	std	Y+44, r25	; 0x2c
    1a22:	8b a7       	std	Y+43, r24	; 0x2b
	_delay_ms(40);
	LCD_vidWriteCmd(0b00111000);
    1a24:	88 e3       	ldi	r24, 0x38	; 56
    1a26:	0e 94 e5 0b 	call	0x17ca	; 0x17ca <LCD_vidWriteCmd>
    1a2a:	80 e0       	ldi	r24, 0x00	; 0
    1a2c:	90 e0       	ldi	r25, 0x00	; 0
    1a2e:	a0 e0       	ldi	r26, 0x00	; 0
    1a30:	b0 e4       	ldi	r27, 0x40	; 64
    1a32:	8f a3       	std	Y+39, r24	; 0x27
    1a34:	98 a7       	std	Y+40, r25	; 0x28
    1a36:	a9 a7       	std	Y+41, r26	; 0x29
    1a38:	ba a7       	std	Y+42, r27	; 0x2a
 */
void
_delay_ms(double __ms)
{
	uint16_t __ticks;
	double __tmp = ((F_CPU) / 4e3) * __ms;
    1a3a:	6f a1       	ldd	r22, Y+39	; 0x27
    1a3c:	78 a5       	ldd	r23, Y+40	; 0x28
    1a3e:	89 a5       	ldd	r24, Y+41	; 0x29
    1a40:	9a a5       	ldd	r25, Y+42	; 0x2a
    1a42:	20 e0       	ldi	r18, 0x00	; 0
    1a44:	30 e0       	ldi	r19, 0x00	; 0
    1a46:	4a ef       	ldi	r20, 0xFA	; 250
    1a48:	54 e4       	ldi	r21, 0x44	; 68
    1a4a:	0e 94 1f 02 	call	0x43e	; 0x43e <__mulsf3>
    1a4e:	dc 01       	movw	r26, r24
    1a50:	cb 01       	movw	r24, r22
    1a52:	8b a3       	std	Y+35, r24	; 0x23
    1a54:	9c a3       	std	Y+36, r25	; 0x24
    1a56:	ad a3       	std	Y+37, r26	; 0x25
    1a58:	be a3       	std	Y+38, r27	; 0x26
	if (__tmp < 1.0)
    1a5a:	6b a1       	ldd	r22, Y+35	; 0x23
    1a5c:	7c a1       	ldd	r23, Y+36	; 0x24
    1a5e:	8d a1       	ldd	r24, Y+37	; 0x25
    1a60:	9e a1       	ldd	r25, Y+38	; 0x26
    1a62:	20 e0       	ldi	r18, 0x00	; 0
    1a64:	30 e0       	ldi	r19, 0x00	; 0
    1a66:	40 e8       	ldi	r20, 0x80	; 128
    1a68:	5f e3       	ldi	r21, 0x3F	; 63
    1a6a:	0e 94 79 03 	call	0x6f2	; 0x6f2 <__ltsf2>
    1a6e:	88 23       	and	r24, r24
    1a70:	2c f4       	brge	.+10     	; 0x1a7c <LCD_vidInit+0x176>
		__ticks = 1;
    1a72:	81 e0       	ldi	r24, 0x01	; 1
    1a74:	90 e0       	ldi	r25, 0x00	; 0
    1a76:	9a a3       	std	Y+34, r25	; 0x22
    1a78:	89 a3       	std	Y+33, r24	; 0x21
    1a7a:	3f c0       	rjmp	.+126    	; 0x1afa <LCD_vidInit+0x1f4>
	else if (__tmp > 65535)
    1a7c:	6b a1       	ldd	r22, Y+35	; 0x23
    1a7e:	7c a1       	ldd	r23, Y+36	; 0x24
    1a80:	8d a1       	ldd	r24, Y+37	; 0x25
    1a82:	9e a1       	ldd	r25, Y+38	; 0x26
    1a84:	20 e0       	ldi	r18, 0x00	; 0
    1a86:	3f ef       	ldi	r19, 0xFF	; 255
    1a88:	4f e7       	ldi	r20, 0x7F	; 127
    1a8a:	57 e4       	ldi	r21, 0x47	; 71
    1a8c:	0e 94 19 03 	call	0x632	; 0x632 <__gtsf2>
    1a90:	18 16       	cp	r1, r24
    1a92:	4c f5       	brge	.+82     	; 0x1ae6 <LCD_vidInit+0x1e0>
	{
		//	__ticks = requested delay in 1/10 ms
		__ticks = (uint16_t) (__ms * 10.0);
    1a94:	6f a1       	ldd	r22, Y+39	; 0x27
    1a96:	78 a5       	ldd	r23, Y+40	; 0x28
    1a98:	89 a5       	ldd	r24, Y+41	; 0x29
    1a9a:	9a a5       	ldd	r25, Y+42	; 0x2a
    1a9c:	20 e0       	ldi	r18, 0x00	; 0
    1a9e:	30 e0       	ldi	r19, 0x00	; 0
    1aa0:	40 e2       	ldi	r20, 0x20	; 32
    1aa2:	51 e4       	ldi	r21, 0x41	; 65
    1aa4:	0e 94 1f 02 	call	0x43e	; 0x43e <__mulsf3>
    1aa8:	dc 01       	movw	r26, r24
    1aaa:	cb 01       	movw	r24, r22
    1aac:	bc 01       	movw	r22, r24
    1aae:	cd 01       	movw	r24, r26
    1ab0:	0e 94 49 00 	call	0x92	; 0x92 <__fixunssfsi>
    1ab4:	dc 01       	movw	r26, r24
    1ab6:	cb 01       	movw	r24, r22
    1ab8:	9a a3       	std	Y+34, r25	; 0x22
    1aba:	89 a3       	std	Y+33, r24	; 0x21
    1abc:	0f c0       	rjmp	.+30     	; 0x1adc <LCD_vidInit+0x1d6>
    1abe:	88 ec       	ldi	r24, 0xC8	; 200
    1ac0:	90 e0       	ldi	r25, 0x00	; 0
    1ac2:	98 a3       	std	Y+32, r25	; 0x20
    1ac4:	8f 8f       	std	Y+31, r24	; 0x1f
    1ac6:	8f 8d       	ldd	r24, Y+31	; 0x1f
    1ac8:	98 a1       	ldd	r25, Y+32	; 0x20
    1aca:	01 97       	sbiw	r24, 0x01	; 1
    1acc:	f1 f7       	brne	.-4      	; 0x1aca <LCD_vidInit+0x1c4>
    1ace:	98 a3       	std	Y+32, r25	; 0x20
    1ad0:	8f 8f       	std	Y+31, r24	; 0x1f
		while(__ticks)
		{
			// wait 1/10 ms
			_delay_loop_2(((F_CPU) / 4e3) / 10);
			__ticks --;
    1ad2:	89 a1       	ldd	r24, Y+33	; 0x21
    1ad4:	9a a1       	ldd	r25, Y+34	; 0x22
    1ad6:	01 97       	sbiw	r24, 0x01	; 1
    1ad8:	9a a3       	std	Y+34, r25	; 0x22
    1ada:	89 a3       	std	Y+33, r24	; 0x21
		__ticks = 1;
	else if (__tmp > 65535)
	{
		//	__ticks = requested delay in 1/10 ms
		__ticks = (uint16_t) (__ms * 10.0);
		while(__ticks)
    1adc:	89 a1       	ldd	r24, Y+33	; 0x21
    1ade:	9a a1       	ldd	r25, Y+34	; 0x22
    1ae0:	00 97       	sbiw	r24, 0x00	; 0
    1ae2:	69 f7       	brne	.-38     	; 0x1abe <LCD_vidInit+0x1b8>
    1ae4:	14 c0       	rjmp	.+40     	; 0x1b0e <LCD_vidInit+0x208>
			__ticks --;
		}
		return;
	}
	else
		__ticks = (uint16_t)__tmp;
    1ae6:	6b a1       	ldd	r22, Y+35	; 0x23
    1ae8:	7c a1       	ldd	r23, Y+36	; 0x24
    1aea:	8d a1       	ldd	r24, Y+37	; 0x25
    1aec:	9e a1       	ldd	r25, Y+38	; 0x26
    1aee:	0e 94 49 00 	call	0x92	; 0x92 <__fixunssfsi>
    1af2:	dc 01       	movw	r26, r24
    1af4:	cb 01       	movw	r24, r22
    1af6:	9a a3       	std	Y+34, r25	; 0x22
    1af8:	89 a3       	std	Y+33, r24	; 0x21
    1afa:	89 a1       	ldd	r24, Y+33	; 0x21
    1afc:	9a a1       	ldd	r25, Y+34	; 0x22
    1afe:	9e 8f       	std	Y+30, r25	; 0x1e
    1b00:	8d 8f       	std	Y+29, r24	; 0x1d
    1b02:	8d 8d       	ldd	r24, Y+29	; 0x1d
    1b04:	9e 8d       	ldd	r25, Y+30	; 0x1e
    1b06:	01 97       	sbiw	r24, 0x01	; 1
    1b08:	f1 f7       	brne	.-4      	; 0x1b06 <LCD_vidInit+0x200>
    1b0a:	9e 8f       	std	Y+30, r25	; 0x1e
    1b0c:	8d 8f       	std	Y+29, r24	; 0x1d
	_delay_ms(2);
	LCD_vidWriteCmd(0b00001100);
    1b0e:	8c e0       	ldi	r24, 0x0C	; 12
    1b10:	0e 94 e5 0b 	call	0x17ca	; 0x17ca <LCD_vidWriteCmd>
    1b14:	80 e0       	ldi	r24, 0x00	; 0
    1b16:	90 e0       	ldi	r25, 0x00	; 0
    1b18:	a0 e0       	ldi	r26, 0x00	; 0
    1b1a:	b0 e4       	ldi	r27, 0x40	; 64
    1b1c:	89 8f       	std	Y+25, r24	; 0x19
    1b1e:	9a 8f       	std	Y+26, r25	; 0x1a
    1b20:	ab 8f       	std	Y+27, r26	; 0x1b
    1b22:	bc 8f       	std	Y+28, r27	; 0x1c
 */
void
_delay_ms(double __ms)
{
	uint16_t __ticks;
	double __tmp = ((F_CPU) / 4e3) * __ms;
    1b24:	69 8d       	ldd	r22, Y+25	; 0x19
    1b26:	7a 8d       	ldd	r23, Y+26	; 0x1a
    1b28:	8b 8d       	ldd	r24, Y+27	; 0x1b
    1b2a:	9c 8d       	ldd	r25, Y+28	; 0x1c
    1b2c:	20 e0       	ldi	r18, 0x00	; 0
    1b2e:	30 e0       	ldi	r19, 0x00	; 0
    1b30:	4a ef       	ldi	r20, 0xFA	; 250
    1b32:	54 e4       	ldi	r21, 0x44	; 68
    1b34:	0e 94 1f 02 	call	0x43e	; 0x43e <__mulsf3>
    1b38:	dc 01       	movw	r26, r24
    1b3a:	cb 01       	movw	r24, r22
    1b3c:	8d 8b       	std	Y+21, r24	; 0x15
    1b3e:	9e 8b       	std	Y+22, r25	; 0x16
    1b40:	af 8b       	std	Y+23, r26	; 0x17
    1b42:	b8 8f       	std	Y+24, r27	; 0x18
	if (__tmp < 1.0)
    1b44:	6d 89       	ldd	r22, Y+21	; 0x15
    1b46:	7e 89       	ldd	r23, Y+22	; 0x16
    1b48:	8f 89       	ldd	r24, Y+23	; 0x17
    1b4a:	98 8d       	ldd	r25, Y+24	; 0x18
    1b4c:	20 e0       	ldi	r18, 0x00	; 0
    1b4e:	30 e0       	ldi	r19, 0x00	; 0
    1b50:	40 e8       	ldi	r20, 0x80	; 128
    1b52:	5f e3       	ldi	r21, 0x3F	; 63
    1b54:	0e 94 79 03 	call	0x6f2	; 0x6f2 <__ltsf2>
    1b58:	88 23       	and	r24, r24
    1b5a:	2c f4       	brge	.+10     	; 0x1b66 <LCD_vidInit+0x260>
		__ticks = 1;
    1b5c:	81 e0       	ldi	r24, 0x01	; 1
    1b5e:	90 e0       	ldi	r25, 0x00	; 0
    1b60:	9c 8b       	std	Y+20, r25	; 0x14
    1b62:	8b 8b       	std	Y+19, r24	; 0x13
    1b64:	3f c0       	rjmp	.+126    	; 0x1be4 <LCD_vidInit+0x2de>
	else if (__tmp > 65535)
    1b66:	6d 89       	ldd	r22, Y+21	; 0x15
    1b68:	7e 89       	ldd	r23, Y+22	; 0x16
    1b6a:	8f 89       	ldd	r24, Y+23	; 0x17
    1b6c:	98 8d       	ldd	r25, Y+24	; 0x18
    1b6e:	20 e0       	ldi	r18, 0x00	; 0
    1b70:	3f ef       	ldi	r19, 0xFF	; 255
    1b72:	4f e7       	ldi	r20, 0x7F	; 127
    1b74:	57 e4       	ldi	r21, 0x47	; 71
    1b76:	0e 94 19 03 	call	0x632	; 0x632 <__gtsf2>
    1b7a:	18 16       	cp	r1, r24
    1b7c:	4c f5       	brge	.+82     	; 0x1bd0 <LCD_vidInit+0x2ca>
	{
		//	__ticks = requested delay in 1/10 ms
		__ticks = (uint16_t) (__ms * 10.0);
    1b7e:	69 8d       	ldd	r22, Y+25	; 0x19
    1b80:	7a 8d       	ldd	r23, Y+26	; 0x1a
    1b82:	8b 8d       	ldd	r24, Y+27	; 0x1b
    1b84:	9c 8d       	ldd	r25, Y+28	; 0x1c
    1b86:	20 e0       	ldi	r18, 0x00	; 0
    1b88:	30 e0       	ldi	r19, 0x00	; 0
    1b8a:	40 e2       	ldi	r20, 0x20	; 32
    1b8c:	51 e4       	ldi	r21, 0x41	; 65
    1b8e:	0e 94 1f 02 	call	0x43e	; 0x43e <__mulsf3>
    1b92:	dc 01       	movw	r26, r24
    1b94:	cb 01       	movw	r24, r22
    1b96:	bc 01       	movw	r22, r24
    1b98:	cd 01       	movw	r24, r26
    1b9a:	0e 94 49 00 	call	0x92	; 0x92 <__fixunssfsi>
    1b9e:	dc 01       	movw	r26, r24
    1ba0:	cb 01       	movw	r24, r22
    1ba2:	9c 8b       	std	Y+20, r25	; 0x14
    1ba4:	8b 8b       	std	Y+19, r24	; 0x13
    1ba6:	0f c0       	rjmp	.+30     	; 0x1bc6 <LCD_vidInit+0x2c0>
    1ba8:	88 ec       	ldi	r24, 0xC8	; 200
    1baa:	90 e0       	ldi	r25, 0x00	; 0
    1bac:	9a 8b       	std	Y+18, r25	; 0x12
    1bae:	89 8b       	std	Y+17, r24	; 0x11
    1bb0:	89 89       	ldd	r24, Y+17	; 0x11
    1bb2:	9a 89       	ldd	r25, Y+18	; 0x12
    1bb4:	01 97       	sbiw	r24, 0x01	; 1
    1bb6:	f1 f7       	brne	.-4      	; 0x1bb4 <LCD_vidInit+0x2ae>
    1bb8:	9a 8b       	std	Y+18, r25	; 0x12
    1bba:	89 8b       	std	Y+17, r24	; 0x11
		while(__ticks)
		{
			// wait 1/10 ms
			_delay_loop_2(((F_CPU) / 4e3) / 10);
			__ticks --;
    1bbc:	8b 89       	ldd	r24, Y+19	; 0x13
    1bbe:	9c 89       	ldd	r25, Y+20	; 0x14
    1bc0:	01 97       	sbiw	r24, 0x01	; 1
    1bc2:	9c 8b       	std	Y+20, r25	; 0x14
    1bc4:	8b 8b       	std	Y+19, r24	; 0x13
		__ticks = 1;
	else if (__tmp > 65535)
	{
		//	__ticks = requested delay in 1/10 ms
		__ticks = (uint16_t) (__ms * 10.0);
		while(__ticks)
    1bc6:	8b 89       	ldd	r24, Y+19	; 0x13
    1bc8:	9c 89       	ldd	r25, Y+20	; 0x14
    1bca:	00 97       	sbiw	r24, 0x00	; 0
    1bcc:	69 f7       	brne	.-38     	; 0x1ba8 <LCD_vidInit+0x2a2>
    1bce:	14 c0       	rjmp	.+40     	; 0x1bf8 <LCD_vidInit+0x2f2>
			__ticks --;
		}
		return;
	}
	else
		__ticks = (uint16_t)__tmp;
    1bd0:	6d 89       	ldd	r22, Y+21	; 0x15
    1bd2:	7e 89       	ldd	r23, Y+22	; 0x16
    1bd4:	8f 89       	ldd	r24, Y+23	; 0x17
    1bd6:	98 8d       	ldd	r25, Y+24	; 0x18
    1bd8:	0e 94 49 00 	call	0x92	; 0x92 <__fixunssfsi>
    1bdc:	dc 01       	movw	r26, r24
    1bde:	cb 01       	movw	r24, r22
    1be0:	9c 8b       	std	Y+20, r25	; 0x14
    1be2:	8b 8b       	std	Y+19, r24	; 0x13
    1be4:	8b 89       	ldd	r24, Y+19	; 0x13
    1be6:	9c 89       	ldd	r25, Y+20	; 0x14
    1be8:	98 8b       	std	Y+16, r25	; 0x10
    1bea:	8f 87       	std	Y+15, r24	; 0x0f
    1bec:	8f 85       	ldd	r24, Y+15	; 0x0f
    1bee:	98 89       	ldd	r25, Y+16	; 0x10
    1bf0:	01 97       	sbiw	r24, 0x01	; 1
    1bf2:	f1 f7       	brne	.-4      	; 0x1bf0 <LCD_vidInit+0x2ea>
    1bf4:	98 8b       	std	Y+16, r25	; 0x10
    1bf6:	8f 87       	std	Y+15, r24	; 0x0f
	_delay_ms(2);
	LCD_vidWriteCmd(0b00000001);
    1bf8:	81 e0       	ldi	r24, 0x01	; 1
    1bfa:	0e 94 e5 0b 	call	0x17ca	; 0x17ca <LCD_vidWriteCmd>
    1bfe:	80 e0       	ldi	r24, 0x00	; 0
    1c00:	90 e0       	ldi	r25, 0x00	; 0
    1c02:	a0 e0       	ldi	r26, 0x00	; 0
    1c04:	b0 e4       	ldi	r27, 0x40	; 64
    1c06:	8b 87       	std	Y+11, r24	; 0x0b
    1c08:	9c 87       	std	Y+12, r25	; 0x0c
    1c0a:	ad 87       	std	Y+13, r26	; 0x0d
    1c0c:	be 87       	std	Y+14, r27	; 0x0e
 */
void
_delay_ms(double __ms)
{
	uint16_t __ticks;
	double __tmp = ((F_CPU) / 4e3) * __ms;
    1c0e:	6b 85       	ldd	r22, Y+11	; 0x0b
    1c10:	7c 85       	ldd	r23, Y+12	; 0x0c
    1c12:	8d 85       	ldd	r24, Y+13	; 0x0d
    1c14:	9e 85       	ldd	r25, Y+14	; 0x0e
    1c16:	20 e0       	ldi	r18, 0x00	; 0
    1c18:	30 e0       	ldi	r19, 0x00	; 0
    1c1a:	4a ef       	ldi	r20, 0xFA	; 250
    1c1c:	54 e4       	ldi	r21, 0x44	; 68
    1c1e:	0e 94 1f 02 	call	0x43e	; 0x43e <__mulsf3>
    1c22:	dc 01       	movw	r26, r24
    1c24:	cb 01       	movw	r24, r22
    1c26:	8f 83       	std	Y+7, r24	; 0x07
    1c28:	98 87       	std	Y+8, r25	; 0x08
    1c2a:	a9 87       	std	Y+9, r26	; 0x09
    1c2c:	ba 87       	std	Y+10, r27	; 0x0a
	if (__tmp < 1.0)
    1c2e:	6f 81       	ldd	r22, Y+7	; 0x07
    1c30:	78 85       	ldd	r23, Y+8	; 0x08
    1c32:	89 85       	ldd	r24, Y+9	; 0x09
    1c34:	9a 85       	ldd	r25, Y+10	; 0x0a
    1c36:	20 e0       	ldi	r18, 0x00	; 0
    1c38:	30 e0       	ldi	r19, 0x00	; 0
    1c3a:	40 e8       	ldi	r20, 0x80	; 128
    1c3c:	5f e3       	ldi	r21, 0x3F	; 63
    1c3e:	0e 94 79 03 	call	0x6f2	; 0x6f2 <__ltsf2>
    1c42:	88 23       	and	r24, r24
    1c44:	2c f4       	brge	.+10     	; 0x1c50 <LCD_vidInit+0x34a>
		__ticks = 1;
    1c46:	81 e0       	ldi	r24, 0x01	; 1
    1c48:	90 e0       	ldi	r25, 0x00	; 0
    1c4a:	9e 83       	std	Y+6, r25	; 0x06
    1c4c:	8d 83       	std	Y+5, r24	; 0x05
    1c4e:	3f c0       	rjmp	.+126    	; 0x1cce <LCD_vidInit+0x3c8>
	else if (__tmp > 65535)
    1c50:	6f 81       	ldd	r22, Y+7	; 0x07
    1c52:	78 85       	ldd	r23, Y+8	; 0x08
    1c54:	89 85       	ldd	r24, Y+9	; 0x09
    1c56:	9a 85       	ldd	r25, Y+10	; 0x0a
    1c58:	20 e0       	ldi	r18, 0x00	; 0
    1c5a:	3f ef       	ldi	r19, 0xFF	; 255
    1c5c:	4f e7       	ldi	r20, 0x7F	; 127
    1c5e:	57 e4       	ldi	r21, 0x47	; 71
    1c60:	0e 94 19 03 	call	0x632	; 0x632 <__gtsf2>
    1c64:	18 16       	cp	r1, r24
    1c66:	4c f5       	brge	.+82     	; 0x1cba <LCD_vidInit+0x3b4>
	{
		//	__ticks = requested delay in 1/10 ms
		__ticks = (uint16_t) (__ms * 10.0);
    1c68:	6b 85       	ldd	r22, Y+11	; 0x0b
    1c6a:	7c 85       	ldd	r23, Y+12	; 0x0c
    1c6c:	8d 85       	ldd	r24, Y+13	; 0x0d
    1c6e:	9e 85       	ldd	r25, Y+14	; 0x0e
    1c70:	20 e0       	ldi	r18, 0x00	; 0
    1c72:	30 e0       	ldi	r19, 0x00	; 0
    1c74:	40 e2       	ldi	r20, 0x20	; 32
    1c76:	51 e4       	ldi	r21, 0x41	; 65
    1c78:	0e 94 1f 02 	call	0x43e	; 0x43e <__mulsf3>
    1c7c:	dc 01       	movw	r26, r24
    1c7e:	cb 01       	movw	r24, r22
    1c80:	bc 01       	movw	r22, r24
    1c82:	cd 01       	movw	r24, r26
    1c84:	0e 94 49 00 	call	0x92	; 0x92 <__fixunssfsi>
    1c88:	dc 01       	movw	r26, r24
    1c8a:	cb 01       	movw	r24, r22
    1c8c:	9e 83       	std	Y+6, r25	; 0x06
    1c8e:	8d 83       	std	Y+5, r24	; 0x05
    1c90:	0f c0       	rjmp	.+30     	; 0x1cb0 <LCD_vidInit+0x3aa>
    1c92:	88 ec       	ldi	r24, 0xC8	; 200
    1c94:	90 e0       	ldi	r25, 0x00	; 0
    1c96:	9c 83       	std	Y+4, r25	; 0x04
    1c98:	8b 83       	std	Y+3, r24	; 0x03
    1c9a:	8b 81       	ldd	r24, Y+3	; 0x03
    1c9c:	9c 81       	ldd	r25, Y+4	; 0x04
    1c9e:	01 97       	sbiw	r24, 0x01	; 1
    1ca0:	f1 f7       	brne	.-4      	; 0x1c9e <LCD_vidInit+0x398>
    1ca2:	9c 83       	std	Y+4, r25	; 0x04
    1ca4:	8b 83       	std	Y+3, r24	; 0x03
		while(__ticks)
		{
			// wait 1/10 ms
			_delay_loop_2(((F_CPU) / 4e3) / 10);
			__ticks --;
    1ca6:	8d 81       	ldd	r24, Y+5	; 0x05
    1ca8:	9e 81       	ldd	r25, Y+6	; 0x06
    1caa:	01 97       	sbiw	r24, 0x01	; 1
    1cac:	9e 83       	std	Y+6, r25	; 0x06
    1cae:	8d 83       	std	Y+5, r24	; 0x05
		__ticks = 1;
	else if (__tmp > 65535)
	{
		//	__ticks = requested delay in 1/10 ms
		__ticks = (uint16_t) (__ms * 10.0);
		while(__ticks)
    1cb0:	8d 81       	ldd	r24, Y+5	; 0x05
    1cb2:	9e 81       	ldd	r25, Y+6	; 0x06
    1cb4:	00 97       	sbiw	r24, 0x00	; 0
    1cb6:	69 f7       	brne	.-38     	; 0x1c92 <LCD_vidInit+0x38c>
    1cb8:	14 c0       	rjmp	.+40     	; 0x1ce2 <LCD_vidInit+0x3dc>
			__ticks --;
		}
		return;
	}
	else
		__ticks = (uint16_t)__tmp;
    1cba:	6f 81       	ldd	r22, Y+7	; 0x07
    1cbc:	78 85       	ldd	r23, Y+8	; 0x08
    1cbe:	89 85       	ldd	r24, Y+9	; 0x09
    1cc0:	9a 85       	ldd	r25, Y+10	; 0x0a
    1cc2:	0e 94 49 00 	call	0x92	; 0x92 <__fixunssfsi>
    1cc6:	dc 01       	movw	r26, r24
    1cc8:	cb 01       	movw	r24, r22
    1cca:	9e 83       	std	Y+6, r25	; 0x06
    1ccc:	8d 83       	std	Y+5, r24	; 0x05
    1cce:	8d 81       	ldd	r24, Y+5	; 0x05
    1cd0:	9e 81       	ldd	r25, Y+6	; 0x06
    1cd2:	9a 83       	std	Y+2, r25	; 0x02
    1cd4:	89 83       	std	Y+1, r24	; 0x01
    1cd6:	89 81       	ldd	r24, Y+1	; 0x01
    1cd8:	9a 81       	ldd	r25, Y+2	; 0x02
    1cda:	01 97       	sbiw	r24, 0x01	; 1
    1cdc:	f1 f7       	brne	.-4      	; 0x1cda <LCD_vidInit+0x3d4>
    1cde:	9a 83       	std	Y+2, r25	; 0x02
    1ce0:	89 83       	std	Y+1, r24	; 0x01
	_delay_ms(2);
	LCD_vidWriteCmd(0b00000110);
    1ce2:	86 e0       	ldi	r24, 0x06	; 6
    1ce4:	0e 94 e5 0b 	call	0x17ca	; 0x17ca <LCD_vidWriteCmd>
}
    1ce8:	e8 96       	adiw	r28, 0x38	; 56
    1cea:	0f b6       	in	r0, 0x3f	; 63
    1cec:	f8 94       	cli
    1cee:	de bf       	out	0x3e, r29	; 62
    1cf0:	0f be       	out	0x3f, r0	; 63
    1cf2:	cd bf       	out	0x3d, r28	; 61
    1cf4:	cf 91       	pop	r28
    1cf6:	df 91       	pop	r29
    1cf8:	08 95       	ret

00001cfa <LCD_vidDisplayString>:

void LCD_vidDisplayString(uint8_t * string)
{
    1cfa:	df 93       	push	r29
    1cfc:	cf 93       	push	r28
    1cfe:	00 d0       	rcall	.+0      	; 0x1d00 <LCD_vidDisplayString+0x6>
    1d00:	0f 92       	push	r0
    1d02:	cd b7       	in	r28, 0x3d	; 61
    1d04:	de b7       	in	r29, 0x3e	; 62
    1d06:	9b 83       	std	Y+3, r25	; 0x03
    1d08:	8a 83       	std	Y+2, r24	; 0x02
	for(uint8_t i=0; string[i]!='\0'; i++)
    1d0a:	19 82       	std	Y+1, r1	; 0x01
    1d0c:	1a c0       	rjmp	.+52     	; 0x1d42 <LCD_vidDisplayString+0x48>
	{
		if(next_char_position==16)LCD_vidWriteCmd(0b11000000);
    1d0e:	80 91 6e 00 	lds	r24, 0x006E
    1d12:	80 31       	cpi	r24, 0x10	; 16
    1d14:	19 f4       	brne	.+6      	; 0x1d1c <LCD_vidDisplayString+0x22>
    1d16:	80 ec       	ldi	r24, 0xC0	; 192
    1d18:	0e 94 e5 0b 	call	0x17ca	; 0x17ca <LCD_vidWriteCmd>
		LCD_vidWriteData(string[i]);
    1d1c:	89 81       	ldd	r24, Y+1	; 0x01
    1d1e:	28 2f       	mov	r18, r24
    1d20:	30 e0       	ldi	r19, 0x00	; 0
    1d22:	8a 81       	ldd	r24, Y+2	; 0x02
    1d24:	9b 81       	ldd	r25, Y+3	; 0x03
    1d26:	fc 01       	movw	r30, r24
    1d28:	e2 0f       	add	r30, r18
    1d2a:	f3 1f       	adc	r31, r19
    1d2c:	80 81       	ld	r24, Z
    1d2e:	0e 94 47 0b 	call	0x168e	; 0x168e <LCD_vidWriteData>
		next_char_position++;
    1d32:	80 91 6e 00 	lds	r24, 0x006E
    1d36:	8f 5f       	subi	r24, 0xFF	; 255
    1d38:	80 93 6e 00 	sts	0x006E, r24
	LCD_vidWriteCmd(0b00000110);
}

void LCD_vidDisplayString(uint8_t * string)
{
	for(uint8_t i=0; string[i]!='\0'; i++)
    1d3c:	89 81       	ldd	r24, Y+1	; 0x01
    1d3e:	8f 5f       	subi	r24, 0xFF	; 255
    1d40:	89 83       	std	Y+1, r24	; 0x01
    1d42:	89 81       	ldd	r24, Y+1	; 0x01
    1d44:	28 2f       	mov	r18, r24
    1d46:	30 e0       	ldi	r19, 0x00	; 0
    1d48:	8a 81       	ldd	r24, Y+2	; 0x02
    1d4a:	9b 81       	ldd	r25, Y+3	; 0x03
    1d4c:	fc 01       	movw	r30, r24
    1d4e:	e2 0f       	add	r30, r18
    1d50:	f3 1f       	adc	r31, r19
    1d52:	80 81       	ld	r24, Z
    1d54:	88 23       	and	r24, r24
    1d56:	d9 f6       	brne	.-74     	; 0x1d0e <LCD_vidDisplayString+0x14>
	{
		if(next_char_position==16)LCD_vidWriteCmd(0b11000000);
		LCD_vidWriteData(string[i]);
		next_char_position++;
	}
}
    1d58:	0f 90       	pop	r0
    1d5a:	0f 90       	pop	r0
    1d5c:	0f 90       	pop	r0
    1d5e:	cf 91       	pop	r28
    1d60:	df 91       	pop	r29
    1d62:	08 95       	ret

00001d64 <LCD_vidNewLine>:
void LCD_vidNewLine()
{
    1d64:	df 93       	push	r29
    1d66:	cf 93       	push	r28
    1d68:	cd b7       	in	r28, 0x3d	; 61
    1d6a:	de b7       	in	r29, 0x3e	; 62
	LCD_vidWriteCmd(0b11000000);
    1d6c:	80 ec       	ldi	r24, 0xC0	; 192
    1d6e:	0e 94 e5 0b 	call	0x17ca	; 0x17ca <LCD_vidWriteCmd>
}
    1d72:	cf 91       	pop	r28
    1d74:	df 91       	pop	r29
    1d76:	08 95       	ret

00001d78 <LCD_vidDisplayStringLeftShift>:
void LCD_vidDisplayStringLeftShift(uint8_t* string)
{
    1d78:	df 93       	push	r29
    1d7a:	cf 93       	push	r28
    1d7c:	cd b7       	in	r28, 0x3d	; 61
    1d7e:	de b7       	in	r29, 0x3e	; 62
    1d80:	62 97       	sbiw	r28, 0x12	; 18
    1d82:	0f b6       	in	r0, 0x3f	; 63
    1d84:	f8 94       	cli
    1d86:	de bf       	out	0x3e, r29	; 62
    1d88:	0f be       	out	0x3f, r0	; 63
    1d8a:	cd bf       	out	0x3d, r28	; 61
    1d8c:	9a 8b       	std	Y+18, r25	; 0x12
    1d8e:	89 8b       	std	Y+17, r24	; 0x11
	uint8_t i,y=0;
    1d90:	1f 86       	std	Y+15, r1	; 0x0f
	for(i=0;string[i]!='\0';i++)
    1d92:	18 8a       	std	Y+16, r1	; 0x10
    1d94:	0e c0       	rjmp	.+28     	; 0x1db2 <LCD_vidDisplayStringLeftShift+0x3a>
		{
			LCD_vidWriteData(string[i]);
    1d96:	88 89       	ldd	r24, Y+16	; 0x10
    1d98:	28 2f       	mov	r18, r24
    1d9a:	30 e0       	ldi	r19, 0x00	; 0
    1d9c:	89 89       	ldd	r24, Y+17	; 0x11
    1d9e:	9a 89       	ldd	r25, Y+18	; 0x12
    1da0:	fc 01       	movw	r30, r24
    1da2:	e2 0f       	add	r30, r18
    1da4:	f3 1f       	adc	r31, r19
    1da6:	80 81       	ld	r24, Z
    1da8:	0e 94 47 0b 	call	0x168e	; 0x168e <LCD_vidWriteData>
	LCD_vidWriteCmd(0b11000000);
}
void LCD_vidDisplayStringLeftShift(uint8_t* string)
{
	uint8_t i,y=0;
	for(i=0;string[i]!='\0';i++)
    1dac:	88 89       	ldd	r24, Y+16	; 0x10
    1dae:	8f 5f       	subi	r24, 0xFF	; 255
    1db0:	88 8b       	std	Y+16, r24	; 0x10
    1db2:	88 89       	ldd	r24, Y+16	; 0x10
    1db4:	28 2f       	mov	r18, r24
    1db6:	30 e0       	ldi	r19, 0x00	; 0
    1db8:	89 89       	ldd	r24, Y+17	; 0x11
    1dba:	9a 89       	ldd	r25, Y+18	; 0x12
    1dbc:	fc 01       	movw	r30, r24
    1dbe:	e2 0f       	add	r30, r18
    1dc0:	f3 1f       	adc	r31, r19
    1dc2:	80 81       	ld	r24, Z
    1dc4:	88 23       	and	r24, r24
    1dc6:	39 f7       	brne	.-50     	; 0x1d96 <LCD_vidDisplayStringLeftShift+0x1e>
		{
			LCD_vidWriteData(string[i]);
		}
	while(1)
	{
		if((y%i)-16==0)LCD_vidWriteCmd(0b10000000);
    1dc8:	8f 85       	ldd	r24, Y+15	; 0x0f
    1dca:	98 89       	ldd	r25, Y+16	; 0x10
    1dcc:	69 2f       	mov	r22, r25
    1dce:	0e 94 73 11 	call	0x22e6	; 0x22e6 <__udivmodqi4>
    1dd2:	89 2f       	mov	r24, r25
    1dd4:	80 31       	cpi	r24, 0x10	; 16
    1dd6:	19 f4       	brne	.+6      	; 0x1dde <LCD_vidDisplayStringLeftShift+0x66>
    1dd8:	80 e8       	ldi	r24, 0x80	; 128
    1dda:	0e 94 e5 0b 	call	0x17ca	; 0x17ca <LCD_vidWriteCmd>
		LCD_vidWriteCmd(0b00011000);
    1dde:	88 e1       	ldi	r24, 0x18	; 24
    1de0:	0e 94 e5 0b 	call	0x17ca	; 0x17ca <LCD_vidWriteCmd>
    1de4:	80 e0       	ldi	r24, 0x00	; 0
    1de6:	90 e0       	ldi	r25, 0x00	; 0
    1de8:	aa ef       	ldi	r26, 0xFA	; 250
    1dea:	b3 e4       	ldi	r27, 0x43	; 67
    1dec:	8b 87       	std	Y+11, r24	; 0x0b
    1dee:	9c 87       	std	Y+12, r25	; 0x0c
    1df0:	ad 87       	std	Y+13, r26	; 0x0d
    1df2:	be 87       	std	Y+14, r27	; 0x0e
 */
void
_delay_ms(double __ms)
{
	uint16_t __ticks;
	double __tmp = ((F_CPU) / 4e3) * __ms;
    1df4:	6b 85       	ldd	r22, Y+11	; 0x0b
    1df6:	7c 85       	ldd	r23, Y+12	; 0x0c
    1df8:	8d 85       	ldd	r24, Y+13	; 0x0d
    1dfa:	9e 85       	ldd	r25, Y+14	; 0x0e
    1dfc:	20 e0       	ldi	r18, 0x00	; 0
    1dfe:	30 e0       	ldi	r19, 0x00	; 0
    1e00:	4a ef       	ldi	r20, 0xFA	; 250
    1e02:	54 e4       	ldi	r21, 0x44	; 68
    1e04:	0e 94 1f 02 	call	0x43e	; 0x43e <__mulsf3>
    1e08:	dc 01       	movw	r26, r24
    1e0a:	cb 01       	movw	r24, r22
    1e0c:	8f 83       	std	Y+7, r24	; 0x07
    1e0e:	98 87       	std	Y+8, r25	; 0x08
    1e10:	a9 87       	std	Y+9, r26	; 0x09
    1e12:	ba 87       	std	Y+10, r27	; 0x0a
	if (__tmp < 1.0)
    1e14:	6f 81       	ldd	r22, Y+7	; 0x07
    1e16:	78 85       	ldd	r23, Y+8	; 0x08
    1e18:	89 85       	ldd	r24, Y+9	; 0x09
    1e1a:	9a 85       	ldd	r25, Y+10	; 0x0a
    1e1c:	20 e0       	ldi	r18, 0x00	; 0
    1e1e:	30 e0       	ldi	r19, 0x00	; 0
    1e20:	40 e8       	ldi	r20, 0x80	; 128
    1e22:	5f e3       	ldi	r21, 0x3F	; 63
    1e24:	0e 94 79 03 	call	0x6f2	; 0x6f2 <__ltsf2>
    1e28:	88 23       	and	r24, r24
    1e2a:	2c f4       	brge	.+10     	; 0x1e36 <LCD_vidDisplayStringLeftShift+0xbe>
		__ticks = 1;
    1e2c:	81 e0       	ldi	r24, 0x01	; 1
    1e2e:	90 e0       	ldi	r25, 0x00	; 0
    1e30:	9e 83       	std	Y+6, r25	; 0x06
    1e32:	8d 83       	std	Y+5, r24	; 0x05
    1e34:	3f c0       	rjmp	.+126    	; 0x1eb4 <LCD_vidDisplayStringLeftShift+0x13c>
	else if (__tmp > 65535)
    1e36:	6f 81       	ldd	r22, Y+7	; 0x07
    1e38:	78 85       	ldd	r23, Y+8	; 0x08
    1e3a:	89 85       	ldd	r24, Y+9	; 0x09
    1e3c:	9a 85       	ldd	r25, Y+10	; 0x0a
    1e3e:	20 e0       	ldi	r18, 0x00	; 0
    1e40:	3f ef       	ldi	r19, 0xFF	; 255
    1e42:	4f e7       	ldi	r20, 0x7F	; 127
    1e44:	57 e4       	ldi	r21, 0x47	; 71
    1e46:	0e 94 19 03 	call	0x632	; 0x632 <__gtsf2>
    1e4a:	18 16       	cp	r1, r24
    1e4c:	4c f5       	brge	.+82     	; 0x1ea0 <LCD_vidDisplayStringLeftShift+0x128>
	{
		//	__ticks = requested delay in 1/10 ms
		__ticks = (uint16_t) (__ms * 10.0);
    1e4e:	6b 85       	ldd	r22, Y+11	; 0x0b
    1e50:	7c 85       	ldd	r23, Y+12	; 0x0c
    1e52:	8d 85       	ldd	r24, Y+13	; 0x0d
    1e54:	9e 85       	ldd	r25, Y+14	; 0x0e
    1e56:	20 e0       	ldi	r18, 0x00	; 0
    1e58:	30 e0       	ldi	r19, 0x00	; 0
    1e5a:	40 e2       	ldi	r20, 0x20	; 32
    1e5c:	51 e4       	ldi	r21, 0x41	; 65
    1e5e:	0e 94 1f 02 	call	0x43e	; 0x43e <__mulsf3>
    1e62:	dc 01       	movw	r26, r24
    1e64:	cb 01       	movw	r24, r22
    1e66:	bc 01       	movw	r22, r24
    1e68:	cd 01       	movw	r24, r26
    1e6a:	0e 94 49 00 	call	0x92	; 0x92 <__fixunssfsi>
    1e6e:	dc 01       	movw	r26, r24
    1e70:	cb 01       	movw	r24, r22
    1e72:	9e 83       	std	Y+6, r25	; 0x06
    1e74:	8d 83       	std	Y+5, r24	; 0x05
    1e76:	0f c0       	rjmp	.+30     	; 0x1e96 <LCD_vidDisplayStringLeftShift+0x11e>
    1e78:	88 ec       	ldi	r24, 0xC8	; 200
    1e7a:	90 e0       	ldi	r25, 0x00	; 0
    1e7c:	9c 83       	std	Y+4, r25	; 0x04
    1e7e:	8b 83       	std	Y+3, r24	; 0x03
    1e80:	8b 81       	ldd	r24, Y+3	; 0x03
    1e82:	9c 81       	ldd	r25, Y+4	; 0x04
    1e84:	01 97       	sbiw	r24, 0x01	; 1
    1e86:	f1 f7       	brne	.-4      	; 0x1e84 <LCD_vidDisplayStringLeftShift+0x10c>
    1e88:	9c 83       	std	Y+4, r25	; 0x04
    1e8a:	8b 83       	std	Y+3, r24	; 0x03
		while(__ticks)
		{
			// wait 1/10 ms
			_delay_loop_2(((F_CPU) / 4e3) / 10);
			__ticks --;
    1e8c:	8d 81       	ldd	r24, Y+5	; 0x05
    1e8e:	9e 81       	ldd	r25, Y+6	; 0x06
    1e90:	01 97       	sbiw	r24, 0x01	; 1
    1e92:	9e 83       	std	Y+6, r25	; 0x06
    1e94:	8d 83       	std	Y+5, r24	; 0x05
		__ticks = 1;
	else if (__tmp > 65535)
	{
		//	__ticks = requested delay in 1/10 ms
		__ticks = (uint16_t) (__ms * 10.0);
		while(__ticks)
    1e96:	8d 81       	ldd	r24, Y+5	; 0x05
    1e98:	9e 81       	ldd	r25, Y+6	; 0x06
    1e9a:	00 97       	sbiw	r24, 0x00	; 0
    1e9c:	69 f7       	brne	.-38     	; 0x1e78 <LCD_vidDisplayStringLeftShift+0x100>
    1e9e:	14 c0       	rjmp	.+40     	; 0x1ec8 <LCD_vidDisplayStringLeftShift+0x150>
			__ticks --;
		}
		return;
	}
	else
		__ticks = (uint16_t)__tmp;
    1ea0:	6f 81       	ldd	r22, Y+7	; 0x07
    1ea2:	78 85       	ldd	r23, Y+8	; 0x08
    1ea4:	89 85       	ldd	r24, Y+9	; 0x09
    1ea6:	9a 85       	ldd	r25, Y+10	; 0x0a
    1ea8:	0e 94 49 00 	call	0x92	; 0x92 <__fixunssfsi>
    1eac:	dc 01       	movw	r26, r24
    1eae:	cb 01       	movw	r24, r22
    1eb0:	9e 83       	std	Y+6, r25	; 0x06
    1eb2:	8d 83       	std	Y+5, r24	; 0x05
    1eb4:	8d 81       	ldd	r24, Y+5	; 0x05
    1eb6:	9e 81       	ldd	r25, Y+6	; 0x06
    1eb8:	9a 83       	std	Y+2, r25	; 0x02
    1eba:	89 83       	std	Y+1, r24	; 0x01
    1ebc:	89 81       	ldd	r24, Y+1	; 0x01
    1ebe:	9a 81       	ldd	r25, Y+2	; 0x02
    1ec0:	01 97       	sbiw	r24, 0x01	; 1
    1ec2:	f1 f7       	brne	.-4      	; 0x1ec0 <LCD_vidDisplayStringLeftShift+0x148>
    1ec4:	9a 83       	std	Y+2, r25	; 0x02
    1ec6:	89 83       	std	Y+1, r24	; 0x01
		_delay_ms(500);
		y++;
    1ec8:	8f 85       	ldd	r24, Y+15	; 0x0f
    1eca:	8f 5f       	subi	r24, 0xFF	; 255
    1ecc:	8f 87       	std	Y+15, r24	; 0x0f
    1ece:	7c cf       	rjmp	.-264    	; 0x1dc8 <LCD_vidDisplayStringLeftShift+0x50>

00001ed0 <LCD_vidDisplayStringRightShift>:
	}
}

void LCD_vidDisplayStringRightShift(uint8_t* string)
{
    1ed0:	df 93       	push	r29
    1ed2:	cf 93       	push	r28
    1ed4:	cd b7       	in	r28, 0x3d	; 61
    1ed6:	de b7       	in	r29, 0x3e	; 62
    1ed8:	62 97       	sbiw	r28, 0x12	; 18
    1eda:	0f b6       	in	r0, 0x3f	; 63
    1edc:	f8 94       	cli
    1ede:	de bf       	out	0x3e, r29	; 62
    1ee0:	0f be       	out	0x3f, r0	; 63
    1ee2:	cd bf       	out	0x3d, r28	; 61
    1ee4:	9a 8b       	std	Y+18, r25	; 0x12
    1ee6:	89 8b       	std	Y+17, r24	; 0x11
	uint8_t i,y=0;
    1ee8:	1f 86       	std	Y+15, r1	; 0x0f
	for(i=0;string[i]!='\0';i++)
    1eea:	18 8a       	std	Y+16, r1	; 0x10
    1eec:	0e c0       	rjmp	.+28     	; 0x1f0a <LCD_vidDisplayStringRightShift+0x3a>
		{
			LCD_vidWriteData(string[i]);
    1eee:	88 89       	ldd	r24, Y+16	; 0x10
    1ef0:	28 2f       	mov	r18, r24
    1ef2:	30 e0       	ldi	r19, 0x00	; 0
    1ef4:	89 89       	ldd	r24, Y+17	; 0x11
    1ef6:	9a 89       	ldd	r25, Y+18	; 0x12
    1ef8:	fc 01       	movw	r30, r24
    1efa:	e2 0f       	add	r30, r18
    1efc:	f3 1f       	adc	r31, r19
    1efe:	80 81       	ld	r24, Z
    1f00:	0e 94 47 0b 	call	0x168e	; 0x168e <LCD_vidWriteData>
}

void LCD_vidDisplayStringRightShift(uint8_t* string)
{
	uint8_t i,y=0;
	for(i=0;string[i]!='\0';i++)
    1f04:	88 89       	ldd	r24, Y+16	; 0x10
    1f06:	8f 5f       	subi	r24, 0xFF	; 255
    1f08:	88 8b       	std	Y+16, r24	; 0x10
    1f0a:	88 89       	ldd	r24, Y+16	; 0x10
    1f0c:	28 2f       	mov	r18, r24
    1f0e:	30 e0       	ldi	r19, 0x00	; 0
    1f10:	89 89       	ldd	r24, Y+17	; 0x11
    1f12:	9a 89       	ldd	r25, Y+18	; 0x12
    1f14:	fc 01       	movw	r30, r24
    1f16:	e2 0f       	add	r30, r18
    1f18:	f3 1f       	adc	r31, r19
    1f1a:	80 81       	ld	r24, Z
    1f1c:	88 23       	and	r24, r24
    1f1e:	39 f7       	brne	.-50     	; 0x1eee <LCD_vidDisplayStringRightShift+0x1e>
		{
			LCD_vidWriteData(string[i]);
		}
	while(1)
	{
		if((y%i)-16==0)LCD_vidWriteCmd(0b10000000);
    1f20:	8f 85       	ldd	r24, Y+15	; 0x0f
    1f22:	98 89       	ldd	r25, Y+16	; 0x10
    1f24:	69 2f       	mov	r22, r25
    1f26:	0e 94 73 11 	call	0x22e6	; 0x22e6 <__udivmodqi4>
    1f2a:	89 2f       	mov	r24, r25
    1f2c:	80 31       	cpi	r24, 0x10	; 16
    1f2e:	19 f4       	brne	.+6      	; 0x1f36 <LCD_vidDisplayStringRightShift+0x66>
    1f30:	80 e8       	ldi	r24, 0x80	; 128
    1f32:	0e 94 e5 0b 	call	0x17ca	; 0x17ca <LCD_vidWriteCmd>
		LCD_vidWriteCmd(0b00011100);
    1f36:	8c e1       	ldi	r24, 0x1C	; 28
    1f38:	0e 94 e5 0b 	call	0x17ca	; 0x17ca <LCD_vidWriteCmd>
    1f3c:	80 e0       	ldi	r24, 0x00	; 0
    1f3e:	90 e0       	ldi	r25, 0x00	; 0
    1f40:	aa ef       	ldi	r26, 0xFA	; 250
    1f42:	b3 e4       	ldi	r27, 0x43	; 67
    1f44:	8b 87       	std	Y+11, r24	; 0x0b
    1f46:	9c 87       	std	Y+12, r25	; 0x0c
    1f48:	ad 87       	std	Y+13, r26	; 0x0d
    1f4a:	be 87       	std	Y+14, r27	; 0x0e
 */
void
_delay_ms(double __ms)
{
	uint16_t __ticks;
	double __tmp = ((F_CPU) / 4e3) * __ms;
    1f4c:	6b 85       	ldd	r22, Y+11	; 0x0b
    1f4e:	7c 85       	ldd	r23, Y+12	; 0x0c
    1f50:	8d 85       	ldd	r24, Y+13	; 0x0d
    1f52:	9e 85       	ldd	r25, Y+14	; 0x0e
    1f54:	20 e0       	ldi	r18, 0x00	; 0
    1f56:	30 e0       	ldi	r19, 0x00	; 0
    1f58:	4a ef       	ldi	r20, 0xFA	; 250
    1f5a:	54 e4       	ldi	r21, 0x44	; 68
    1f5c:	0e 94 1f 02 	call	0x43e	; 0x43e <__mulsf3>
    1f60:	dc 01       	movw	r26, r24
    1f62:	cb 01       	movw	r24, r22
    1f64:	8f 83       	std	Y+7, r24	; 0x07
    1f66:	98 87       	std	Y+8, r25	; 0x08
    1f68:	a9 87       	std	Y+9, r26	; 0x09
    1f6a:	ba 87       	std	Y+10, r27	; 0x0a
	if (__tmp < 1.0)
    1f6c:	6f 81       	ldd	r22, Y+7	; 0x07
    1f6e:	78 85       	ldd	r23, Y+8	; 0x08
    1f70:	89 85       	ldd	r24, Y+9	; 0x09
    1f72:	9a 85       	ldd	r25, Y+10	; 0x0a
    1f74:	20 e0       	ldi	r18, 0x00	; 0
    1f76:	30 e0       	ldi	r19, 0x00	; 0
    1f78:	40 e8       	ldi	r20, 0x80	; 128
    1f7a:	5f e3       	ldi	r21, 0x3F	; 63
    1f7c:	0e 94 79 03 	call	0x6f2	; 0x6f2 <__ltsf2>
    1f80:	88 23       	and	r24, r24
    1f82:	2c f4       	brge	.+10     	; 0x1f8e <LCD_vidDisplayStringRightShift+0xbe>
		__ticks = 1;
    1f84:	81 e0       	ldi	r24, 0x01	; 1
    1f86:	90 e0       	ldi	r25, 0x00	; 0
    1f88:	9e 83       	std	Y+6, r25	; 0x06
    1f8a:	8d 83       	std	Y+5, r24	; 0x05
    1f8c:	3f c0       	rjmp	.+126    	; 0x200c <LCD_vidDisplayStringRightShift+0x13c>
	else if (__tmp > 65535)
    1f8e:	6f 81       	ldd	r22, Y+7	; 0x07
    1f90:	78 85       	ldd	r23, Y+8	; 0x08
    1f92:	89 85       	ldd	r24, Y+9	; 0x09
    1f94:	9a 85       	ldd	r25, Y+10	; 0x0a
    1f96:	20 e0       	ldi	r18, 0x00	; 0
    1f98:	3f ef       	ldi	r19, 0xFF	; 255
    1f9a:	4f e7       	ldi	r20, 0x7F	; 127
    1f9c:	57 e4       	ldi	r21, 0x47	; 71
    1f9e:	0e 94 19 03 	call	0x632	; 0x632 <__gtsf2>
    1fa2:	18 16       	cp	r1, r24
    1fa4:	4c f5       	brge	.+82     	; 0x1ff8 <LCD_vidDisplayStringRightShift+0x128>
	{
		//	__ticks = requested delay in 1/10 ms
		__ticks = (uint16_t) (__ms * 10.0);
    1fa6:	6b 85       	ldd	r22, Y+11	; 0x0b
    1fa8:	7c 85       	ldd	r23, Y+12	; 0x0c
    1faa:	8d 85       	ldd	r24, Y+13	; 0x0d
    1fac:	9e 85       	ldd	r25, Y+14	; 0x0e
    1fae:	20 e0       	ldi	r18, 0x00	; 0
    1fb0:	30 e0       	ldi	r19, 0x00	; 0
    1fb2:	40 e2       	ldi	r20, 0x20	; 32
    1fb4:	51 e4       	ldi	r21, 0x41	; 65
    1fb6:	0e 94 1f 02 	call	0x43e	; 0x43e <__mulsf3>
    1fba:	dc 01       	movw	r26, r24
    1fbc:	cb 01       	movw	r24, r22
    1fbe:	bc 01       	movw	r22, r24
    1fc0:	cd 01       	movw	r24, r26
    1fc2:	0e 94 49 00 	call	0x92	; 0x92 <__fixunssfsi>
    1fc6:	dc 01       	movw	r26, r24
    1fc8:	cb 01       	movw	r24, r22
    1fca:	9e 83       	std	Y+6, r25	; 0x06
    1fcc:	8d 83       	std	Y+5, r24	; 0x05
    1fce:	0f c0       	rjmp	.+30     	; 0x1fee <LCD_vidDisplayStringRightShift+0x11e>
    1fd0:	88 ec       	ldi	r24, 0xC8	; 200
    1fd2:	90 e0       	ldi	r25, 0x00	; 0
    1fd4:	9c 83       	std	Y+4, r25	; 0x04
    1fd6:	8b 83       	std	Y+3, r24	; 0x03
    1fd8:	8b 81       	ldd	r24, Y+3	; 0x03
    1fda:	9c 81       	ldd	r25, Y+4	; 0x04
    1fdc:	01 97       	sbiw	r24, 0x01	; 1
    1fde:	f1 f7       	brne	.-4      	; 0x1fdc <LCD_vidDisplayStringRightShift+0x10c>
    1fe0:	9c 83       	std	Y+4, r25	; 0x04
    1fe2:	8b 83       	std	Y+3, r24	; 0x03
		while(__ticks)
		{
			// wait 1/10 ms
			_delay_loop_2(((F_CPU) / 4e3) / 10);
			__ticks --;
    1fe4:	8d 81       	ldd	r24, Y+5	; 0x05
    1fe6:	9e 81       	ldd	r25, Y+6	; 0x06
    1fe8:	01 97       	sbiw	r24, 0x01	; 1
    1fea:	9e 83       	std	Y+6, r25	; 0x06
    1fec:	8d 83       	std	Y+5, r24	; 0x05
		__ticks = 1;
	else if (__tmp > 65535)
	{
		//	__ticks = requested delay in 1/10 ms
		__ticks = (uint16_t) (__ms * 10.0);
		while(__ticks)
    1fee:	8d 81       	ldd	r24, Y+5	; 0x05
    1ff0:	9e 81       	ldd	r25, Y+6	; 0x06
    1ff2:	00 97       	sbiw	r24, 0x00	; 0
    1ff4:	69 f7       	brne	.-38     	; 0x1fd0 <LCD_vidDisplayStringRightShift+0x100>
    1ff6:	14 c0       	rjmp	.+40     	; 0x2020 <LCD_vidDisplayStringRightShift+0x150>
			__ticks --;
		}
		return;
	}
	else
		__ticks = (uint16_t)__tmp;
    1ff8:	6f 81       	ldd	r22, Y+7	; 0x07
    1ffa:	78 85       	ldd	r23, Y+8	; 0x08
    1ffc:	89 85       	ldd	r24, Y+9	; 0x09
    1ffe:	9a 85       	ldd	r25, Y+10	; 0x0a
    2000:	0e 94 49 00 	call	0x92	; 0x92 <__fixunssfsi>
    2004:	dc 01       	movw	r26, r24
    2006:	cb 01       	movw	r24, r22
    2008:	9e 83       	std	Y+6, r25	; 0x06
    200a:	8d 83       	std	Y+5, r24	; 0x05
    200c:	8d 81       	ldd	r24, Y+5	; 0x05
    200e:	9e 81       	ldd	r25, Y+6	; 0x06
    2010:	9a 83       	std	Y+2, r25	; 0x02
    2012:	89 83       	std	Y+1, r24	; 0x01
    2014:	89 81       	ldd	r24, Y+1	; 0x01
    2016:	9a 81       	ldd	r25, Y+2	; 0x02
    2018:	01 97       	sbiw	r24, 0x01	; 1
    201a:	f1 f7       	brne	.-4      	; 0x2018 <LCD_vidDisplayStringRightShift+0x148>
    201c:	9a 83       	std	Y+2, r25	; 0x02
    201e:	89 83       	std	Y+1, r24	; 0x01
		_delay_ms(500);
		y++;
    2020:	8f 85       	ldd	r24, Y+15	; 0x0f
    2022:	8f 5f       	subi	r24, 0xFF	; 255
    2024:	8f 87       	std	Y+15, r24	; 0x0f
    2026:	7c cf       	rjmp	.-264    	; 0x1f20 <LCD_vidDisplayStringRightShift+0x50>

00002028 <LCD_vidClearDisplay>:
	}
}

void LCD_vidClearDisplay()
{
    2028:	df 93       	push	r29
    202a:	cf 93       	push	r28
    202c:	cd b7       	in	r28, 0x3d	; 61
    202e:	de b7       	in	r29, 0x3e	; 62
	LCD_vidWriteCmd(0b00000001);
    2030:	81 e0       	ldi	r24, 0x01	; 1
    2032:	0e 94 e5 0b 	call	0x17ca	; 0x17ca <LCD_vidWriteCmd>
	next_char_position = 0;
    2036:	10 92 6e 00 	sts	0x006E, r1
}
    203a:	cf 91       	pop	r28
    203c:	df 91       	pop	r29
    203e:	08 95       	ret

00002040 <LCD_vidGoTo>:

void LCD_vidGoTo(uint8_t x,uint8_t y)
{
    2040:	df 93       	push	r29
    2042:	cf 93       	push	r28
    2044:	00 d0       	rcall	.+0      	; 0x2046 <LCD_vidGoTo+0x6>
    2046:	cd b7       	in	r28, 0x3d	; 61
    2048:	de b7       	in	r29, 0x3e	; 62
    204a:	89 83       	std	Y+1, r24	; 0x01
    204c:	6a 83       	std	Y+2, r22	; 0x02
	if(x==1&&y<=39)LCD_vidWriteCmd((0b10000000+y));
    204e:	89 81       	ldd	r24, Y+1	; 0x01
    2050:	81 30       	cpi	r24, 0x01	; 1
    2052:	41 f4       	brne	.+16     	; 0x2064 <LCD_vidGoTo+0x24>
    2054:	8a 81       	ldd	r24, Y+2	; 0x02
    2056:	88 32       	cpi	r24, 0x28	; 40
    2058:	28 f4       	brcc	.+10     	; 0x2064 <LCD_vidGoTo+0x24>
    205a:	8a 81       	ldd	r24, Y+2	; 0x02
    205c:	80 58       	subi	r24, 0x80	; 128
    205e:	0e 94 e5 0b 	call	0x17ca	; 0x17ca <LCD_vidWriteCmd>
    2062:	0f c0       	rjmp	.+30     	; 0x2082 <LCD_vidGoTo+0x42>
	else if(x==2&&(y+64)<103) LCD_vidWriteCmd((0b11000000+y));
    2064:	89 81       	ldd	r24, Y+1	; 0x01
    2066:	82 30       	cpi	r24, 0x02	; 2
    2068:	61 f4       	brne	.+24     	; 0x2082 <LCD_vidGoTo+0x42>
    206a:	8a 81       	ldd	r24, Y+2	; 0x02
    206c:	88 2f       	mov	r24, r24
    206e:	90 e0       	ldi	r25, 0x00	; 0
    2070:	80 5c       	subi	r24, 0xC0	; 192
    2072:	9f 4f       	sbci	r25, 0xFF	; 255
    2074:	87 36       	cpi	r24, 0x67	; 103
    2076:	91 05       	cpc	r25, r1
    2078:	24 f4       	brge	.+8      	; 0x2082 <LCD_vidGoTo+0x42>
    207a:	8a 81       	ldd	r24, Y+2	; 0x02
    207c:	80 54       	subi	r24, 0x40	; 64
    207e:	0e 94 e5 0b 	call	0x17ca	; 0x17ca <LCD_vidWriteCmd>
}
    2082:	0f 90       	pop	r0
    2084:	0f 90       	pop	r0
    2086:	cf 91       	pop	r28
    2088:	df 91       	pop	r29
    208a:	08 95       	ret

0000208c <LCD_vidSetCursor>:

void LCD_vidSetCursor(uint8_t x,uint8_t y)
{
    208c:	df 93       	push	r29
    208e:	cf 93       	push	r28
    2090:	00 d0       	rcall	.+0      	; 0x2092 <LCD_vidSetCursor+0x6>
    2092:	cd b7       	in	r28, 0x3d	; 61
    2094:	de b7       	in	r29, 0x3e	; 62
    2096:	89 83       	std	Y+1, r24	; 0x01
    2098:	6a 83       	std	Y+2, r22	; 0x02
	LCD_vidGoTo(x,y);
    209a:	89 81       	ldd	r24, Y+1	; 0x01
    209c:	6a 81       	ldd	r22, Y+2	; 0x02
    209e:	0e 94 20 10 	call	0x2040	; 0x2040 <LCD_vidGoTo>
	LCD_vidWriteCmd(0b00001111);
    20a2:	8f e0       	ldi	r24, 0x0F	; 15
    20a4:	0e 94 e5 0b 	call	0x17ca	; 0x17ca <LCD_vidWriteCmd>
}
    20a8:	0f 90       	pop	r0
    20aa:	0f 90       	pop	r0
    20ac:	cf 91       	pop	r28
    20ae:	df 91       	pop	r29
    20b0:	08 95       	ret

000020b2 <LCD_vidWriteInteger>:

void LCD_vidWriteInteger(u16 number)
{
    20b2:	df 93       	push	r29
    20b4:	cf 93       	push	r28
    20b6:	cd b7       	in	r28, 0x3d	; 61
    20b8:	de b7       	in	r29, 0x3e	; 62
    20ba:	28 97       	sbiw	r28, 0x08	; 8
    20bc:	0f b6       	in	r0, 0x3f	; 63
    20be:	f8 94       	cli
    20c0:	de bf       	out	0x3e, r29	; 62
    20c2:	0f be       	out	0x3f, r0	; 63
    20c4:	cd bf       	out	0x3d, r28	; 61
    20c6:	98 87       	std	Y+8, r25	; 0x08
    20c8:	8f 83       	std	Y+7, r24	; 0x07
	u16 num_mask=number,p=1;
    20ca:	8f 81       	ldd	r24, Y+7	; 0x07
    20cc:	98 85       	ldd	r25, Y+8	; 0x08
    20ce:	9e 83       	std	Y+6, r25	; 0x06
    20d0:	8d 83       	std	Y+5, r24	; 0x05
    20d2:	81 e0       	ldi	r24, 0x01	; 1
    20d4:	90 e0       	ldi	r25, 0x00	; 0
    20d6:	9c 83       	std	Y+4, r25	; 0x04
    20d8:	8b 83       	std	Y+3, r24	; 0x03
	u8 i=0;
    20da:	1a 82       	std	Y+2, r1	; 0x02
	s8 nxtl;
	if(num_mask==0)LCD_vidWriteData('0');
    20dc:	8d 81       	ldd	r24, Y+5	; 0x05
    20de:	9e 81       	ldd	r25, Y+6	; 0x06
    20e0:	00 97       	sbiw	r24, 0x00	; 0
    20e2:	f9 f4       	brne	.+62     	; 0x2122 <LCD_vidWriteInteger+0x70>
    20e4:	80 e3       	ldi	r24, 0x30	; 48
    20e6:	0e 94 47 0b 	call	0x168e	; 0x168e <LCD_vidWriteData>
    20ea:	1b c0       	rjmp	.+54     	; 0x2122 <LCD_vidWriteInteger+0x70>
	for(;num_mask!=0;i++)
	{
		num_mask/=10;
    20ec:	8d 81       	ldd	r24, Y+5	; 0x05
    20ee:	9e 81       	ldd	r25, Y+6	; 0x06
    20f0:	2a e0       	ldi	r18, 0x0A	; 10
    20f2:	30 e0       	ldi	r19, 0x00	; 0
    20f4:	b9 01       	movw	r22, r18
    20f6:	0e 94 7f 11 	call	0x22fe	; 0x22fe <__udivmodhi4>
    20fa:	cb 01       	movw	r24, r22
    20fc:	9e 83       	std	Y+6, r25	; 0x06
    20fe:	8d 83       	std	Y+5, r24	; 0x05
		p*=10;
    2100:	8b 81       	ldd	r24, Y+3	; 0x03
    2102:	9c 81       	ldd	r25, Y+4	; 0x04
    2104:	9c 01       	movw	r18, r24
    2106:	22 0f       	add	r18, r18
    2108:	33 1f       	adc	r19, r19
    210a:	c9 01       	movw	r24, r18
    210c:	88 0f       	add	r24, r24
    210e:	99 1f       	adc	r25, r25
    2110:	88 0f       	add	r24, r24
    2112:	99 1f       	adc	r25, r25
    2114:	82 0f       	add	r24, r18
    2116:	93 1f       	adc	r25, r19
    2118:	9c 83       	std	Y+4, r25	; 0x04
    211a:	8b 83       	std	Y+3, r24	; 0x03
{
	u16 num_mask=number,p=1;
	u8 i=0;
	s8 nxtl;
	if(num_mask==0)LCD_vidWriteData('0');
	for(;num_mask!=0;i++)
    211c:	8a 81       	ldd	r24, Y+2	; 0x02
    211e:	8f 5f       	subi	r24, 0xFF	; 255
    2120:	8a 83       	std	Y+2, r24	; 0x02
    2122:	8d 81       	ldd	r24, Y+5	; 0x05
    2124:	9e 81       	ldd	r25, Y+6	; 0x06
    2126:	00 97       	sbiw	r24, 0x00	; 0
    2128:	09 f7       	brne	.-62     	; 0x20ec <LCD_vidWriteInteger+0x3a>
	{
		num_mask/=10;
		p*=10;
	}

	p/=10;
    212a:	8b 81       	ldd	r24, Y+3	; 0x03
    212c:	9c 81       	ldd	r25, Y+4	; 0x04
    212e:	2a e0       	ldi	r18, 0x0A	; 10
    2130:	30 e0       	ldi	r19, 0x00	; 0
    2132:	b9 01       	movw	r22, r18
    2134:	0e 94 7f 11 	call	0x22fe	; 0x22fe <__udivmodhi4>
    2138:	cb 01       	movw	r24, r22
    213a:	9c 83       	std	Y+4, r25	; 0x04
    213c:	8b 83       	std	Y+3, r24	; 0x03
	nxtl = i - 16;
    213e:	8a 81       	ldd	r24, Y+2	; 0x02
    2140:	80 51       	subi	r24, 0x10	; 16
    2142:	89 83       	std	Y+1, r24	; 0x01
	if(nxtl < 0) nxtl =0;
    2144:	89 81       	ldd	r24, Y+1	; 0x01
    2146:	88 23       	and	r24, r24
    2148:	0c f0       	brlt	.+2      	; 0x214c <LCD_vidWriteInteger+0x9a>
    214a:	3e c0       	rjmp	.+124    	; 0x21c8 <LCD_vidWriteInteger+0x116>
    214c:	19 82       	std	Y+1, r1	; 0x01
    214e:	3c c0       	rjmp	.+120    	; 0x21c8 <LCD_vidWriteInteger+0x116>
	for(;i>0;i--)
	{
		if(i==nxtl)LCD_vidWriteCmd(0b11000000);
    2150:	8a 81       	ldd	r24, Y+2	; 0x02
    2152:	28 2f       	mov	r18, r24
    2154:	30 e0       	ldi	r19, 0x00	; 0
    2156:	89 81       	ldd	r24, Y+1	; 0x01
    2158:	99 27       	eor	r25, r25
    215a:	87 fd       	sbrc	r24, 7
    215c:	90 95       	com	r25
    215e:	28 17       	cp	r18, r24
    2160:	39 07       	cpc	r19, r25
    2162:	19 f4       	brne	.+6      	; 0x216a <LCD_vidWriteInteger+0xb8>
    2164:	80 ec       	ldi	r24, 0xC0	; 192
    2166:	0e 94 e5 0b 	call	0x17ca	; 0x17ca <LCD_vidWriteCmd>
		num_mask= (uint8_t)(number/p);
    216a:	8f 81       	ldd	r24, Y+7	; 0x07
    216c:	98 85       	ldd	r25, Y+8	; 0x08
    216e:	2b 81       	ldd	r18, Y+3	; 0x03
    2170:	3c 81       	ldd	r19, Y+4	; 0x04
    2172:	b9 01       	movw	r22, r18
    2174:	0e 94 7f 11 	call	0x22fe	; 0x22fe <__udivmodhi4>
    2178:	cb 01       	movw	r24, r22
    217a:	88 2f       	mov	r24, r24
    217c:	90 e0       	ldi	r25, 0x00	; 0
    217e:	9e 83       	std	Y+6, r25	; 0x06
    2180:	8d 83       	std	Y+5, r24	; 0x05
		LCD_vidWriteData((uint8_t)'0'+num_mask);
    2182:	8d 81       	ldd	r24, Y+5	; 0x05
    2184:	80 5d       	subi	r24, 0xD0	; 208
    2186:	0e 94 47 0b 	call	0x168e	; 0x168e <LCD_vidWriteData>
		number -= num_mask*p;
    218a:	2d 81       	ldd	r18, Y+5	; 0x05
    218c:	3e 81       	ldd	r19, Y+6	; 0x06
    218e:	8b 81       	ldd	r24, Y+3	; 0x03
    2190:	9c 81       	ldd	r25, Y+4	; 0x04
    2192:	a9 01       	movw	r20, r18
    2194:	48 9f       	mul	r20, r24
    2196:	90 01       	movw	r18, r0
    2198:	49 9f       	mul	r20, r25
    219a:	30 0d       	add	r19, r0
    219c:	58 9f       	mul	r21, r24
    219e:	30 0d       	add	r19, r0
    21a0:	11 24       	eor	r1, r1
    21a2:	8f 81       	ldd	r24, Y+7	; 0x07
    21a4:	98 85       	ldd	r25, Y+8	; 0x08
    21a6:	82 1b       	sub	r24, r18
    21a8:	93 0b       	sbc	r25, r19
    21aa:	98 87       	std	Y+8, r25	; 0x08
    21ac:	8f 83       	std	Y+7, r24	; 0x07
		p/=10;
    21ae:	8b 81       	ldd	r24, Y+3	; 0x03
    21b0:	9c 81       	ldd	r25, Y+4	; 0x04
    21b2:	2a e0       	ldi	r18, 0x0A	; 10
    21b4:	30 e0       	ldi	r19, 0x00	; 0
    21b6:	b9 01       	movw	r22, r18
    21b8:	0e 94 7f 11 	call	0x22fe	; 0x22fe <__udivmodhi4>
    21bc:	cb 01       	movw	r24, r22
    21be:	9c 83       	std	Y+4, r25	; 0x04
    21c0:	8b 83       	std	Y+3, r24	; 0x03
	}

	p/=10;
	nxtl = i - 16;
	if(nxtl < 0) nxtl =0;
	for(;i>0;i--)
    21c2:	8a 81       	ldd	r24, Y+2	; 0x02
    21c4:	81 50       	subi	r24, 0x01	; 1
    21c6:	8a 83       	std	Y+2, r24	; 0x02
    21c8:	8a 81       	ldd	r24, Y+2	; 0x02
    21ca:	88 23       	and	r24, r24
    21cc:	09 f6       	brne	.-126    	; 0x2150 <LCD_vidWriteInteger+0x9e>
		num_mask= (uint8_t)(number/p);
		LCD_vidWriteData((uint8_t)'0'+num_mask);
		number -= num_mask*p;
		p/=10;
	}
}
    21ce:	28 96       	adiw	r28, 0x08	; 8
    21d0:	0f b6       	in	r0, 0x3f	; 63
    21d2:	f8 94       	cli
    21d4:	de bf       	out	0x3e, r29	; 62
    21d6:	0f be       	out	0x3f, r0	; 63
    21d8:	cd bf       	out	0x3d, r28	; 61
    21da:	cf 91       	pop	r28
    21dc:	df 91       	pop	r29
    21de:	08 95       	ret

000021e0 <main>:




int main()
{
    21e0:	df 93       	push	r29
    21e2:	cf 93       	push	r28
    21e4:	cd b7       	in	r28, 0x3d	; 61
    21e6:	de b7       	in	r29, 0x3e	; 62
    21e8:	2e 97       	sbiw	r28, 0x0e	; 14
    21ea:	0f b6       	in	r0, 0x3f	; 63
    21ec:	f8 94       	cli
    21ee:	de bf       	out	0x3e, r29	; 62
    21f0:	0f be       	out	0x3f, r0	; 63
    21f2:	cd bf       	out	0x3d, r28	; 61
	LCD_vidInit();
    21f4:	0e 94 83 0c 	call	0x1906	; 0x1906 <LCD_vidInit>

	 while(1)
	 {
		 LCD_vidDisplayString((u8*)"Nour");
    21f8:	80 e6       	ldi	r24, 0x60	; 96
    21fa:	90 e0       	ldi	r25, 0x00	; 0
    21fc:	0e 94 7d 0e 	call	0x1cfa	; 0x1cfa <LCD_vidDisplayString>
    2200:	80 e0       	ldi	r24, 0x00	; 0
    2202:	90 e0       	ldi	r25, 0x00	; 0
    2204:	aa e7       	ldi	r26, 0x7A	; 122
    2206:	b4 e4       	ldi	r27, 0x44	; 68
    2208:	8b 87       	std	Y+11, r24	; 0x0b
    220a:	9c 87       	std	Y+12, r25	; 0x0c
    220c:	ad 87       	std	Y+13, r26	; 0x0d
    220e:	be 87       	std	Y+14, r27	; 0x0e
 */
void
_delay_ms(double __ms)
{
	uint16_t __ticks;
	double __tmp = ((F_CPU) / 4e3) * __ms;
    2210:	6b 85       	ldd	r22, Y+11	; 0x0b
    2212:	7c 85       	ldd	r23, Y+12	; 0x0c
    2214:	8d 85       	ldd	r24, Y+13	; 0x0d
    2216:	9e 85       	ldd	r25, Y+14	; 0x0e
    2218:	20 e0       	ldi	r18, 0x00	; 0
    221a:	30 e0       	ldi	r19, 0x00	; 0
    221c:	4a ef       	ldi	r20, 0xFA	; 250
    221e:	54 e4       	ldi	r21, 0x44	; 68
    2220:	0e 94 1f 02 	call	0x43e	; 0x43e <__mulsf3>
    2224:	dc 01       	movw	r26, r24
    2226:	cb 01       	movw	r24, r22
    2228:	8f 83       	std	Y+7, r24	; 0x07
    222a:	98 87       	std	Y+8, r25	; 0x08
    222c:	a9 87       	std	Y+9, r26	; 0x09
    222e:	ba 87       	std	Y+10, r27	; 0x0a
	if (__tmp < 1.0)
    2230:	6f 81       	ldd	r22, Y+7	; 0x07
    2232:	78 85       	ldd	r23, Y+8	; 0x08
    2234:	89 85       	ldd	r24, Y+9	; 0x09
    2236:	9a 85       	ldd	r25, Y+10	; 0x0a
    2238:	20 e0       	ldi	r18, 0x00	; 0
    223a:	30 e0       	ldi	r19, 0x00	; 0
    223c:	40 e8       	ldi	r20, 0x80	; 128
    223e:	5f e3       	ldi	r21, 0x3F	; 63
    2240:	0e 94 79 03 	call	0x6f2	; 0x6f2 <__ltsf2>
    2244:	88 23       	and	r24, r24
    2246:	2c f4       	brge	.+10     	; 0x2252 <main+0x72>
		__ticks = 1;
    2248:	81 e0       	ldi	r24, 0x01	; 1
    224a:	90 e0       	ldi	r25, 0x00	; 0
    224c:	9e 83       	std	Y+6, r25	; 0x06
    224e:	8d 83       	std	Y+5, r24	; 0x05
    2250:	3f c0       	rjmp	.+126    	; 0x22d0 <main+0xf0>
	else if (__tmp > 65535)
    2252:	6f 81       	ldd	r22, Y+7	; 0x07
    2254:	78 85       	ldd	r23, Y+8	; 0x08
    2256:	89 85       	ldd	r24, Y+9	; 0x09
    2258:	9a 85       	ldd	r25, Y+10	; 0x0a
    225a:	20 e0       	ldi	r18, 0x00	; 0
    225c:	3f ef       	ldi	r19, 0xFF	; 255
    225e:	4f e7       	ldi	r20, 0x7F	; 127
    2260:	57 e4       	ldi	r21, 0x47	; 71
    2262:	0e 94 19 03 	call	0x632	; 0x632 <__gtsf2>
    2266:	18 16       	cp	r1, r24
    2268:	4c f5       	brge	.+82     	; 0x22bc <main+0xdc>
	{
		//	__ticks = requested delay in 1/10 ms
		__ticks = (uint16_t) (__ms * 10.0);
    226a:	6b 85       	ldd	r22, Y+11	; 0x0b
    226c:	7c 85       	ldd	r23, Y+12	; 0x0c
    226e:	8d 85       	ldd	r24, Y+13	; 0x0d
    2270:	9e 85       	ldd	r25, Y+14	; 0x0e
    2272:	20 e0       	ldi	r18, 0x00	; 0
    2274:	30 e0       	ldi	r19, 0x00	; 0
    2276:	40 e2       	ldi	r20, 0x20	; 32
    2278:	51 e4       	ldi	r21, 0x41	; 65
    227a:	0e 94 1f 02 	call	0x43e	; 0x43e <__mulsf3>
    227e:	dc 01       	movw	r26, r24
    2280:	cb 01       	movw	r24, r22
    2282:	bc 01       	movw	r22, r24
    2284:	cd 01       	movw	r24, r26
    2286:	0e 94 49 00 	call	0x92	; 0x92 <__fixunssfsi>
    228a:	dc 01       	movw	r26, r24
    228c:	cb 01       	movw	r24, r22
    228e:	9e 83       	std	Y+6, r25	; 0x06
    2290:	8d 83       	std	Y+5, r24	; 0x05
    2292:	0f c0       	rjmp	.+30     	; 0x22b2 <main+0xd2>
    2294:	88 ec       	ldi	r24, 0xC8	; 200
    2296:	90 e0       	ldi	r25, 0x00	; 0
    2298:	9c 83       	std	Y+4, r25	; 0x04
    229a:	8b 83       	std	Y+3, r24	; 0x03
    229c:	8b 81       	ldd	r24, Y+3	; 0x03
    229e:	9c 81       	ldd	r25, Y+4	; 0x04
    22a0:	01 97       	sbiw	r24, 0x01	; 1
    22a2:	f1 f7       	brne	.-4      	; 0x22a0 <main+0xc0>
    22a4:	9c 83       	std	Y+4, r25	; 0x04
    22a6:	8b 83       	std	Y+3, r24	; 0x03
		while(__ticks)
		{
			// wait 1/10 ms
			_delay_loop_2(((F_CPU) / 4e3) / 10);
			__ticks --;
    22a8:	8d 81       	ldd	r24, Y+5	; 0x05
    22aa:	9e 81       	ldd	r25, Y+6	; 0x06
    22ac:	01 97       	sbiw	r24, 0x01	; 1
    22ae:	9e 83       	std	Y+6, r25	; 0x06
    22b0:	8d 83       	std	Y+5, r24	; 0x05
		__ticks = 1;
	else if (__tmp > 65535)
	{
		//	__ticks = requested delay in 1/10 ms
		__ticks = (uint16_t) (__ms * 10.0);
		while(__ticks)
    22b2:	8d 81       	ldd	r24, Y+5	; 0x05
    22b4:	9e 81       	ldd	r25, Y+6	; 0x06
    22b6:	00 97       	sbiw	r24, 0x00	; 0
    22b8:	69 f7       	brne	.-38     	; 0x2294 <main+0xb4>
    22ba:	9e cf       	rjmp	.-196    	; 0x21f8 <main+0x18>
			__ticks --;
		}
		return;
	}
	else
		__ticks = (uint16_t)__tmp;
    22bc:	6f 81       	ldd	r22, Y+7	; 0x07
    22be:	78 85       	ldd	r23, Y+8	; 0x08
    22c0:	89 85       	ldd	r24, Y+9	; 0x09
    22c2:	9a 85       	ldd	r25, Y+10	; 0x0a
    22c4:	0e 94 49 00 	call	0x92	; 0x92 <__fixunssfsi>
    22c8:	dc 01       	movw	r26, r24
    22ca:	cb 01       	movw	r24, r22
    22cc:	9e 83       	std	Y+6, r25	; 0x06
    22ce:	8d 83       	std	Y+5, r24	; 0x05
    22d0:	8d 81       	ldd	r24, Y+5	; 0x05
    22d2:	9e 81       	ldd	r25, Y+6	; 0x06
    22d4:	9a 83       	std	Y+2, r25	; 0x02
    22d6:	89 83       	std	Y+1, r24	; 0x01
    22d8:	89 81       	ldd	r24, Y+1	; 0x01
    22da:	9a 81       	ldd	r25, Y+2	; 0x02
    22dc:	01 97       	sbiw	r24, 0x01	; 1
    22de:	f1 f7       	brne	.-4      	; 0x22dc <main+0xfc>
    22e0:	9a 83       	std	Y+2, r25	; 0x02
    22e2:	89 83       	std	Y+1, r24	; 0x01
    22e4:	89 cf       	rjmp	.-238    	; 0x21f8 <main+0x18>

000022e6 <__udivmodqi4>:
    22e6:	99 1b       	sub	r25, r25
    22e8:	79 e0       	ldi	r23, 0x09	; 9
    22ea:	04 c0       	rjmp	.+8      	; 0x22f4 <__udivmodqi4_ep>

000022ec <__udivmodqi4_loop>:
    22ec:	99 1f       	adc	r25, r25
    22ee:	96 17       	cp	r25, r22
    22f0:	08 f0       	brcs	.+2      	; 0x22f4 <__udivmodqi4_ep>
    22f2:	96 1b       	sub	r25, r22

000022f4 <__udivmodqi4_ep>:
    22f4:	88 1f       	adc	r24, r24
    22f6:	7a 95       	dec	r23
    22f8:	c9 f7       	brne	.-14     	; 0x22ec <__udivmodqi4_loop>
    22fa:	80 95       	com	r24
    22fc:	08 95       	ret

000022fe <__udivmodhi4>:
    22fe:	aa 1b       	sub	r26, r26
    2300:	bb 1b       	sub	r27, r27
    2302:	51 e1       	ldi	r21, 0x11	; 17
    2304:	07 c0       	rjmp	.+14     	; 0x2314 <__udivmodhi4_ep>

00002306 <__udivmodhi4_loop>:
    2306:	aa 1f       	adc	r26, r26
    2308:	bb 1f       	adc	r27, r27
    230a:	a6 17       	cp	r26, r22
    230c:	b7 07       	cpc	r27, r23
    230e:	10 f0       	brcs	.+4      	; 0x2314 <__udivmodhi4_ep>
    2310:	a6 1b       	sub	r26, r22
    2312:	b7 0b       	sbc	r27, r23

00002314 <__udivmodhi4_ep>:
    2314:	88 1f       	adc	r24, r24
    2316:	99 1f       	adc	r25, r25
    2318:	5a 95       	dec	r21
    231a:	a9 f7       	brne	.-22     	; 0x2306 <__udivmodhi4_loop>
    231c:	80 95       	com	r24
    231e:	90 95       	com	r25
    2320:	bc 01       	movw	r22, r24
    2322:	cd 01       	movw	r24, r26
    2324:	08 95       	ret

00002326 <__prologue_saves__>:
    2326:	2f 92       	push	r2
    2328:	3f 92       	push	r3
    232a:	4f 92       	push	r4
    232c:	5f 92       	push	r5
    232e:	6f 92       	push	r6
    2330:	7f 92       	push	r7
    2332:	8f 92       	push	r8
    2334:	9f 92       	push	r9
    2336:	af 92       	push	r10
    2338:	bf 92       	push	r11
    233a:	cf 92       	push	r12
    233c:	df 92       	push	r13
    233e:	ef 92       	push	r14
    2340:	ff 92       	push	r15
    2342:	0f 93       	push	r16
    2344:	1f 93       	push	r17
    2346:	cf 93       	push	r28
    2348:	df 93       	push	r29
    234a:	cd b7       	in	r28, 0x3d	; 61
    234c:	de b7       	in	r29, 0x3e	; 62
    234e:	ca 1b       	sub	r28, r26
    2350:	db 0b       	sbc	r29, r27
    2352:	0f b6       	in	r0, 0x3f	; 63
    2354:	f8 94       	cli
    2356:	de bf       	out	0x3e, r29	; 62
    2358:	0f be       	out	0x3f, r0	; 63
    235a:	cd bf       	out	0x3d, r28	; 61
    235c:	09 94       	ijmp

0000235e <__epilogue_restores__>:
    235e:	2a 88       	ldd	r2, Y+18	; 0x12
    2360:	39 88       	ldd	r3, Y+17	; 0x11
    2362:	48 88       	ldd	r4, Y+16	; 0x10
    2364:	5f 84       	ldd	r5, Y+15	; 0x0f
    2366:	6e 84       	ldd	r6, Y+14	; 0x0e
    2368:	7d 84       	ldd	r7, Y+13	; 0x0d
    236a:	8c 84       	ldd	r8, Y+12	; 0x0c
    236c:	9b 84       	ldd	r9, Y+11	; 0x0b
    236e:	aa 84       	ldd	r10, Y+10	; 0x0a
    2370:	b9 84       	ldd	r11, Y+9	; 0x09
    2372:	c8 84       	ldd	r12, Y+8	; 0x08
    2374:	df 80       	ldd	r13, Y+7	; 0x07
    2376:	ee 80       	ldd	r14, Y+6	; 0x06
    2378:	fd 80       	ldd	r15, Y+5	; 0x05
    237a:	0c 81       	ldd	r16, Y+4	; 0x04
    237c:	1b 81       	ldd	r17, Y+3	; 0x03
    237e:	aa 81       	ldd	r26, Y+2	; 0x02
    2380:	b9 81       	ldd	r27, Y+1	; 0x01
    2382:	ce 0f       	add	r28, r30
    2384:	d1 1d       	adc	r29, r1
    2386:	0f b6       	in	r0, 0x3f	; 63
    2388:	f8 94       	cli
    238a:	de bf       	out	0x3e, r29	; 62
    238c:	0f be       	out	0x3f, r0	; 63
    238e:	cd bf       	out	0x3d, r28	; 61
    2390:	ed 01       	movw	r28, r26
    2392:	08 95       	ret

00002394 <_exit>:
    2394:	f8 94       	cli

00002396 <__stop_program>:
    2396:	ff cf       	rjmp	.-2      	; 0x2396 <__stop_program>
